# start_x	start_y	duration
445	229	0.215000
56	53	0.125000
382	384	0.280000
550	429	0.125000
317	238	0.215000
7	122	0.325000
131	68	0.185000
84	101	0.185000
323	446	0.245000
220	300	0.090000
232	432	0.600000
853	435	0.325000
959	274	0.375000
762	134	0.185000
485	365	0.550000
142	130	0.215000
353	249	0.185000
970	101	0.215000
889	446	0.550000
557	233	0.125000
