# start_x	start_y	duration
376	311	0.550000
445	168	0.185000
545	374	0.325000
748	230	0.185000
737	217	0.450000
232	71	0.090000
343	350	0.245000
634	408	0.245000
967	339	0.125000
759	355	0.280000
404	191	0.185000
471	156	0.550000
531	179	0.245000
620	354	0.215000
487	261	0.280000
428	279	0.550000
164	310	0.550000
193	307	0.215000
