# start_x	start_y	duration
567	336	0.245000
542	262	0.125000
353	521	0.185000
598	417	0.550000
981	222	0.215000
909	132	0.185000
756	144	0.245000
475	326	0.125000
462	292	0.215000
859	443	0.245000
806	288	0.125000
789	404	0.550000
873	260	0.215000
270	82	0.550000
559	196	0.280000
400	318	0.550000
865	471	0.550000
342	582	0.325000
132	443	0.215000
232	392	0.245000
143	136	0.550000
210	98	0.245000
295	132	0.550000
129	103	0.185000
195	86	0.550000
