# start_x	start_y	duration
393	142	0.215000
370	80	0.450000
140	187	0.325000
125	107	0.325000
51	36	0.280000
232	114	0.245000
632	297	0.215000
862	429	0.215000
398	563	0.215000
921	231	0.550000
590	547	0.280000
220	384	0.280000
171	429	0.215000
628	320	0.090000
501	308	0.550000
506	297	0.245000
414	180	0.550000
523	283	0.280000
725	187	0.550000
56	87	0.550000
176	280	0.280000
25	231	0.125000
329	208	0.185000
