# start_x	start_y	duration
501	217	0.125000
490	171	0.215000
367	342	0.185000
90	110	0.125000
85	113	0.125000
335	261	0.325000
720	226	0.185000
410	63	0.325000
90	93	0.185000
681	199	0.185000
871	528	0.245000
853	485	0.245000
481	287	0.125000
760	346	0.375000
753	350	0.550000
568	394	0.125000
603	219	0.450000
634	225	0.215000
531	149	0.245000
557	194	0.215000
