# start_x	start_y	duration
473	214	0.245000
451	276	0.185000
632	301	0.185000
281	541	0.125000
48	241	0.550000
195	109	0.280000
62	70	0.185000
460	177	0.245000
243	141	0.280000
432	262	0.550000
256	260	0.280000
159	447	0.185000
629	289	0.550000
604	351	0.125000
453	246	0.325000
64	299	0.280000
250	335	0.375000
509	241	0.185000
381	388	0.185000
