# start_x	start_y	duration
520	335	0.215000
506	217	0.245000
231	301	0.185000
137	39	0.215000
203	350	0.185000
420	469	0.215000
193	87	0.245000
154	304	0.090000
217	285	0.215000
353	84	0.450000
185	235	0.245000
114	448	0.185000
262	525	0.325000
331	456	0.215000
432	242	0.125000
334	272	0.185000
107	420	0.125000
371	527	0.125000
764	416	0.325000
600	341	0.550000
626	323	0.550000
448	506	0.245000
354	295	0.325000
498	187	0.600000
553	510	0.185000
