# start_x	start_y	duration
60	173	0.280000
482	283	0.215000
503	199	0.280000
895	361	0.245000
810	136	0.550000
867	396	0.185000
760	400	0.550000
798	407	0.550000
923	504	0.125000
660	353	0.215000
745	128	0.550000
879	161	0.245000
829	513	0.280000
739	130	0.375000
171	315	0.125000
671	469	0.280000
751	415	0.215000
606	222	0.325000
476	276	0.550000
290	268	0.550000
792	419	0.185000
690	231	0.090000
914	115	0.125000
460	211	0.280000
