# start_x	start_y	duration
39	159	0.550000
89	119	0.280000
148	124	0.125000
154	324	0.325000
170	234	0.325000
239	380	0.550000
118	194	0.550000
485	121	0.125000
545	376	0.245000
246	218	0.375000
59	257	0.280000
370	194	0.450000
509	303	0.325000
745	242	0.550000
706	219	0.125000
390	304	0.550000
325	568	0.125000
304	506	0.245000
176	274	0.325000
528	253	0.450000
812	478	0.375000
434	454	0.550000
79	101	0.325000
498	355	0.450000
206	316	0.185000
209	497	0.280000
673	455	0.185000
531	291	0.090000
