# start_x	start_y	duration
439	303	0.245000
875	150	0.280000
693	420	0.280000
542	261	0.375000
625	229	0.550000
506	403	0.550000
829	462	0.280000
937	357	0.185000
664	212	0.125000
901	300	0.245000
765	350	0.245000
620	277	0.245000
567	339	0.185000
325	314	0.215000
485	347	0.245000
510	264	0.450000
448	235	0.215000
406	241	0.325000
243	221	0.185000
348	172	0.215000
660	376	0.125000
737	292	0.450000
695	266	0.215000
340	238	0.280000
431	478	0.125000
657	351	0.600000
