# start_x	start_y	duration
485	276	0.125000
517	458	0.550000
376	203	0.215000
189	365	0.185000
207	180	0.215000
148	134	0.245000
264	560	0.325000
142	91	0.125000
775	312	0.125000
981	417	0.280000
690	225	0.550000
525	347	0.185000
498	118	0.280000
307	250	0.325000
384	485	0.550000
192	291	0.125000
51	440	0.375000
432	301	0.125000
296	295	0.185000
129	171	0.550000
42	175	0.550000
182	101	0.245000
318	452	0.600000
271	355	0.245000
487	579	0.215000
381	487	0.450000
267	293	0.185000
37	351	0.185000
