# start_x	start_y	duration
442	320	0.215000
467	261	0.125000
503	242	0.125000
154	103	0.245000
131	103	0.185000
171	390	0.125000
304	386	0.185000
651	295	0.125000
909	132	0.280000
617	242	0.550000
314	249	0.245000
700	273	0.550000
601	173	0.185000
101	121	0.280000
223	292	0.125000
232	57	0.550000
532	323	0.185000
450	537	0.450000
435	280	0.185000
440	256	0.450000
