# start_x	start_y	duration
451	225	0.185000
110	74	0.550000
306	79	0.325000
1	274	0.185000
56	164	0.245000
48	106	0.215000
317	176	0.375000
60	91	0.550000
85	74	0.245000
685	223	0.125000
443	254	0.280000
645	397	0.125000
673	288	0.280000
165	99	0.550000
370	243	0.215000
125	221	0.185000
109	118	0.550000
462	167	0.125000
529	249	0.185000
603	250	0.185000
868	157	0.245000
415	241	0.550000
321	404	0.325000
145	231	0.125000
