# start_x	start_y	duration
15	107	0.215000
93	118	0.185000
185	87	0.185000
189	102	0.280000
146	80	0.125000
450	173	0.245000
132	378	0.550000
245	146	0.450000
420	256	0.550000
651	225	0.185000
343	243	0.375000
325	279	0.125000
581	307	0.450000
573	423	0.550000
600	349	0.550000
707	522	0.125000
