# start_x	start_y	duration
795	506	0.245000
564	187	0.245000
175	63	0.550000
132	367	0.375000
281	310	0.090000
387	285	0.375000
509	429	0.550000
310	532	0.375000
259	551	0.550000
357	233	0.125000
50	310	0.125000
435	215	0.215000
600	367	0.185000
871	390	0.185000
156	377	0.280000
290	455	0.090000
606	331	0.375000
742	380	0.280000
640	200	0.125000
784	307	0.550000
