# start_x	start_y	duration
646	246	0.550000
785	204	0.280000
481	373	0.325000
529	493	0.550000
700	473	0.215000
890	225	0.185000
714	138	0.550000
615	386	0.245000
650	310	0.375000
335	419	0.215000
328	249	0.375000
71	161	0.125000
156	117	0.245000
585	256	0.245000
787	137	0.550000
710	141	0.125000
570	320	0.550000
268	408	0.185000
423	502	0.245000
270	283	0.325000
520	308	0.280000
529	277	0.215000
