# start_x	start_y	duration
532	218	0.325000
628	128	0.550000
123	88	0.550000
296	218	0.125000
212	129	0.550000
162	199	0.185000
465	176	0.185000
509	373	0.185000
62	88	0.185000
129	231	0.185000
168	29	0.325000
37	103	0.245000
85	157	0.550000
89	334	0.185000
242	243	0.215000
85	132	0.185000
217	115	0.550000
406	200	0.185000
414	258	0.550000
471	284	0.125000
528	347	0.215000
623	320	0.550000
492	199	0.280000
