# start_x	start_y	duration
431	132	0.185000
393	203	0.125000
390	203	0.215000
729	268	0.125000
248	363	0.245000
273	160	0.550000
626	233	0.185000
778	227	0.550000
964	183	0.550000
789	429	0.245000
926	407	0.325000
529	260	0.185000
278	252	0.280000
296	490	0.185000
143	107	0.185000
206	115	0.450000
506	370	0.245000
287	144	0.185000
253	195	0.215000
437	111	0.185000
65	111	0.185000
337	419	0.375000
289	496	0.245000
265	327	0.215000
307	305	0.550000
290	132	0.125000
337	75	0.550000
