# start_x	start_y	duration
565	303	0.245000
540	319	0.245000
407	323	0.185000
129	79	0.125000
290	98	0.245000
357	76	0.245000
107	194	0.185000
92	52	0.215000
454	183	0.325000
723	67	0.125000
878	398	0.185000
928	420	0.450000
704	424	0.550000
