# start_x	start_y	duration
540	101	0.185000
503	152	0.125000
546	169	0.550000
23	97	0.185000
68	281	0.215000
134	124	0.215000
829	202	0.450000
659	66	0.325000
857	403	0.550000
582	55	0.215000
840	116	0.215000
890	489	0.215000
801	101	0.550000
728	63	0.550000
826	106	0.125000
678	135	0.325000
964	271	0.185000
940	255	0.280000
856	99	0.245000
845	249	0.550000
689	339	0.325000
926	524	0.325000
