# start_x	start_y	duration
234	94	0.450000
309	77	0.245000
520	333	0.185000
621	308	0.125000
712	234	0.185000
504	140	0.325000
231	79	0.550000
96	185	0.125000
15	349	0.245000
96	543	0.125000
346	487	0.185000
521	278	0.550000
206	94	0.185000
407	62	0.280000
612	154	0.245000
418	238	0.125000
712	352	0.550000
732	364	0.550000
671	499	0.375000
867	331	0.185000
506	80	0.325000
