# start_x	start_y	duration
514	278	0.215000
493	356	0.125000
737	147	0.550000
312	353	0.185000
639	99	0.215000
670	105	0.125000
743	98	0.185000
878	80	0.215000
206	67	0.125000
376	81	0.325000
357	314	0.125000
303	319	0.450000
489	251	0.550000
987	406	0.245000
782	434	0.185000
548	299	0.550000
332	303	0.215000
545	366	0.185000
554	151	0.215000
875	95	0.215000
932	227	0.550000
