# start_x	start_y	duration
525	302	0.090000
310	95	0.185000
478	233	0.125000
473	70	0.125000
476	87	0.125000
578	167	0.550000
57	67	0.185000
181	98	0.185000
379	65	0.550000
709	226	0.125000
914	439	0.550000
843	446	0.550000
771	173	0.450000
767	180	0.325000
750	344	0.550000
921	419	0.550000
748	328	0.550000
617	206	0.600000
276	158	0.185000
348	460	0.550000
684	481	0.090000
689	73	0.325000
682	105	0.125000
512	135	0.215000
