# start_x	start_y	duration
471	306	0.185000
525	287	0.125000
701	414	0.550000
793	79	0.215000
570	67	0.245000
417	74	0.215000
612	210	0.215000
553	105	0.245000
415	166	0.550000
928	527	0.125000
439	466	0.215000
523	127	0.550000
176	263	0.600000
495	137	0.125000
845	432	0.550000
484	410	0.185000
315	377	0.375000
775	555	0.185000
753	209	0.245000
378	197	0.280000
64	127	0.215000
