# start_x	start_y	duration
357	288	0.280000
334	87	0.550000
46	481	0.550000
423	470	0.550000
548	366	0.125000
490	531	0.090000
392	173	0.325000
234	79	0.280000
935	113	0.125000
703	163	0.125000
495	176	0.550000
701	321	0.125000
600	74	0.185000
539	149	0.325000
117	120	0.550000
175	192	0.185000
246	394	0.185000
290	199	0.550000
682	363	0.185000
804	167	0.550000
925	92	0.215000
403	65	0.450000
750	158	0.550000
171	199	0.185000
118	333	0.215000
129	191	0.325000
