# start_x	start_y	duration
507	183	0.125000
264	79	0.215000
759	104	0.550000
731	81	0.215000
276	88	0.245000
139	140	0.090000
39	394	0.215000
378	241	0.325000
360	484	0.550000
40	596	0.185000
182	530	0.185000
46	382	0.280000
67	305	0.375000
142	567	0.125000
501	308	0.280000
885	271	0.280000
942	346	0.280000
968	302	0.280000
773	87	0.185000
676	244	0.325000
492	95	0.125000
476	69	0.325000
198	87	0.125000
226	178	0.280000
157	98	0.185000
