# start_x	start_y	duration
228	109	0.125000
73	44	0.550000
229	342	0.550000
87	467	0.215000
354	44	0.375000
192	281	0.245000
279	90	0.125000
456	141	0.550000
645	156	0.215000
998	409	0.550000
998	423	0.125000
910	127	0.185000
795	106	0.125000
814	172	0.550000
771	303	0.215000
681	517	0.215000
892	566	0.185000
526	445	0.185000
910	216	0.185000
