# start_x	start_y	duration
629	550	0.550000
404	88	0.245000
703	105	0.125000
584	284	0.185000
439	267	0.280000
781	86	0.125000
893	102	0.245000
770	385	0.185000
670	378	0.185000
150	467	0.185000
429	99	0.550000
428	439	0.245000
575	178	0.280000
517	101	0.245000
970	154	0.280000
831	77	0.550000
514	356	0.185000
228	376	0.185000
