# start_x	start_y	duration
506	323	0.245000
484	341	0.185000
929	120	0.125000
664	106	0.325000
720	99	0.185000
776	97	0.215000
928	74	0.215000
857	389	0.215000
889	528	0.280000
973	549	0.185000
789	344	0.215000
718	292	0.280000
867	326	0.215000
717	210	0.280000
248	66	0.215000
226	133	0.215000
478	86	0.325000
881	317	0.245000
423	69	0.550000
717	94	0.215000
906	206	0.215000
