# start_x	start_y	duration
490	395	0.215000
540	342	0.245000
971	276	0.185000
940	377	0.215000
667	70	0.325000
820	74	0.325000
743	323	0.185000
667	117	0.550000
585	119	0.550000
570	435	0.325000
710	352	0.450000
951	249	0.280000
560	95	0.245000
553	104	0.550000
917	86	0.375000
943	324	0.125000
931	402	0.215000
981	227	0.550000
940	231	0.125000
942	133	0.125000
807	116	0.280000
798	163	0.550000
