# start_x	start_y	duration
51	145	0.550000
203	79	0.215000
539	91	0.375000
551	111	0.245000
657	86	0.280000
198	74	0.215000
287	217	0.245000
498	74	0.550000
428	531	0.375000
337	491	0.185000
726	97	0.550000
718	309	0.215000
512	276	0.245000
845	81	0.280000
667	511	0.245000
512	321	0.215000
304	115	0.215000
825	319	0.550000
748	439	0.550000
