# start_x	start_y	duration
45	371	0.550000
18	56	0.325000
121	346	0.185000
379	76	0.185000
859	92	0.125000
248	81	0.550000
278	80	0.280000
804	217	0.325000
535	66	0.215000
418	327	0.325000
750	455	0.185000
925	539	0.550000
960	441	0.280000
815	566	0.245000
250	269	0.550000
279	255	0.600000
243	99	0.090000
359	91	0.185000
292	242	0.450000
165	58	0.550000
590	95	0.125000
481	217	0.550000
757	309	0.090000
428	413	0.125000
115	165	0.280000
