# start_x	start_y	duration
731	267	0.550000
629	137	0.600000
940	115	0.280000
770	65	0.185000
523	117	0.185000
175	166	0.125000
121	65	0.185000
62	413	0.550000
46	428	0.375000
93	191	0.325000
403	212	0.090000
415	226	0.550000
582	66	0.215000
632	294	0.185000
139	61	0.375000
442	127	0.215000
509	473	0.550000
595	403	0.600000
831	276	0.185000
653	403	0.185000
587	166	0.245000
660	391	0.550000
298	255	0.550000
145	156	0.185000
217	144	0.215000
431	276	0.280000
