# start_x	start_y	duration
506	263	0.185000
539	334	0.125000
710	395	0.550000
889	156	0.280000
750	92	0.550000
857	123	0.550000
945	596	0.215000
842	477	0.245000
925	328	0.125000
843	289	0.245000
579	165	0.125000
587	156	0.125000
945	65	0.125000
853	80	0.090000
110	149	0.185000
12	435	0.600000
98	450	0.215000
234	99	0.125000
337	134	0.550000
