# start_x	start_y	duration
387	80	0.125000
493	73	0.550000
264	70	0.185000
365	95	0.215000
87	212	0.550000
87	69	0.280000
292	111	0.325000
390	105	0.125000
656	345	0.550000
526	535	0.245000
423	296	0.215000
170	174	0.375000
698	219	0.280000
589	527	0.185000
495	328	0.280000
818	500	0.280000
657	334	0.125000
804	83	0.550000
859	86	0.550000
967	88	0.185000
917	471	0.185000
820	563	0.215000
778	538	0.280000
