# start_x	start_y	duration
484	285	0.280000
368	248	0.185000
726	177	0.550000
460	357	0.325000
725	265	0.090000
918	260	0.325000
940	98	0.550000
267	145	0.245000
817	61	0.215000
900	295	0.185000
631	435	0.245000
787	251	0.245000
651	185	0.245000
592	95	0.215000
242	104	0.185000
204	152	0.125000
559	303	0.600000
860	69	0.375000
881	130	0.550000
867	441	0.215000
