# start_x	start_y	duration
229	183	0.215000
214	337	0.550000
439	269	0.125000
817	406	0.280000
750	392	0.090000
250	240	0.125000
545	485	0.550000
512	416	0.450000
378	416	0.280000
67	152	0.850000
523	273	0.185000
925	134	0.375000
881	80	0.550000
771	66	0.375000
753	384	0.280000
600	135	0.550000
853	130	0.215000
884	582	0.245000
534	154	0.550000
470	160	0.185000
284	259	0.215000
181	419	0.125000
