# start_x	start_y	duration
603	189	0.280000
500	452	0.185000
259	897	0.550000
175	736	0.280000
668	864	0.185000
539	769	0.245000
671	903	0.550000
328	804	0.215000
182	876	0.550000
292	918	0.215000
590	747	0.450000
704	845	0.185000
307	804	0.245000
762	160	0.185000
657	726	0.185000
814	376	0.550000
515	230	0.450000
482	349	0.550000
479	605	0.375000
