# start_x	start_y	duration
507	541	0.125000
629	312	0.550000
782	504	0.185000
234	786	0.325000
325	738	0.185000
607	463	0.185000
590	181	0.280000
673	201	0.125000
625	158	0.125000
681	251	0.185000
698	459	0.125000
675	442	0.215000
828	761	0.125000
798	623	0.185000
835	825	0.125000
692	815	0.280000
323	936	0.125000
617	796	0.185000
