# start_x	start_y	duration
418	508	0.185000
398	286	0.550000
285	747	0.325000
326	778	0.215000
262	878	0.550000
190	872	0.600000
509	506	0.245000
332	835	0.090000
509	930	0.185000
620	759	0.185000
620	804	0.245000
553	957	0.550000
837	456	0.215000
495	520	0.280000
618	327	0.325000
353	277	0.550000
270	45	0.125000
765	883	0.185000
487	660	0.125000
376	850	0.090000
751	815	0.280000
185	827	0.245000
626	638	0.550000
271	345	0.280000
