# start_x	start_y	duration
242	839	0.550000
340	866	0.125000
265	878	0.550000
309	640	0.125000
589	609	0.125000
490	568	0.550000
432	627	0.245000
406	835	0.325000
585	930	0.550000
614	769	0.325000
212	796	0.550000
335	321	0.325000
393	325	0.185000
150	940	0.125000
192	936	0.600000
210	827	0.215000
151	819	0.215000
328	782	0.550000
389	681	0.280000
215	843	0.550000
140	839	0.185000
559	948	0.185000
176	874	0.375000
