# start_x	start_y	duration
528	467	0.215000
282	825	0.550000
121	810	0.550000
320	841	0.245000
662	300	0.375000
485	771	0.215000
548	741	0.185000
456	448	0.215000
507	479	0.215000
718	292	0.280000
435	769	0.280000
295	897	0.125000
320	613	0.125000
206	786	0.185000
331	794	0.125000
