# start_x	start_y	duration
640	300	0.550000
573	872	0.550000
296	854	0.550000
418	150	0.185000
353	732	0.375000
321	837	0.550000
462	417	0.185000
421	347	0.215000
250	883	0.185000
760	494	0.550000
653	358	0.280000
315	448	0.185000
214	784	0.125000
417	638	0.325000
617	397	0.125000
393	471	0.185000
250	829	0.245000
435	751	0.125000
551	354	0.125000
268	397	0.550000
253	946	0.125000
242	891	0.550000
648	819	0.375000
348	784	0.185000
401	763	0.090000
