# start_x	start_y	duration
481	580	0.185000
446	428	0.280000
370	654	0.185000
409	407	0.550000
550	397	0.185000
593	790	0.125000
728	660	0.125000
540	767	0.185000
689	813	0.550000
431	417	0.185000
353	858	0.125000
578	356	0.185000
554	609	0.125000
251	862	0.215000
189	164	0.215000
645	302	0.375000
375	100	0.215000
664	148	0.185000
545	759	0.090000
164	212	0.550000
417	483	0.215000
578	310	0.550000
323	773	0.325000
235	753	0.550000
