# start_x	start_y	duration
492	407	0.185000
592	432	0.450000
245	767	0.185000
201	343	0.550000
178	314	0.850000
301	442	0.550000
639	683	0.550000
601	767	0.185000
326	798	0.280000
257	815	0.215000
171	810	0.550000
376	905	0.125000
398	586	0.550000
660	319	0.125000
835	267	0.185000
812	185	0.245000
762	938	0.185000
871	883	0.550000
603	207	0.215000
687	294	0.125000
