# start_x	start_y	duration
584	483	0.550000
585	619	0.185000
242	765	0.215000
278	810	0.090000
640	308	0.215000
348	366	0.280000
540	409	0.550000
448	358	0.215000
490	467	0.245000
239	648	0.125000
282	438	0.185000
418	78	0.325000
581	82	0.550000
404	67	0.550000
254	397	0.185000
732	407	0.325000
285	294	0.550000
196	415	0.125000
265	833	0.280000
387	109	0.325000
375	500	0.215000
656	751	0.550000
443	615	0.125000
