# start_x	start_y	duration
521	465	0.185000
337	273	0.280000
209	903	0.280000
603	465	0.215000
598	578	0.450000
318	784	0.245000
301	829	0.550000
576	84	0.245000
539	220	0.550000
382	347	0.280000
203	302	0.125000
562	448	0.185000
642	413	0.550000
709	658	0.550000
742	341	0.090000
681	170	0.550000
475	598	0.280000
501	531	0.280000
671	693	0.325000
598	413	0.550000
401	393	0.215000
