# start_x	start_y	duration
567	356	0.185000
485	539	0.245000
439	360	0.185000
646	448	0.185000
670	69	0.215000
464	403	0.245000
845	537	0.185000
554	549	0.215000
437	545	0.185000
373	876	0.325000
259	866	0.125000
735	687	0.245000
393	852	0.185000
295	636	0.550000
93	12	0.125000
392	115	0.550000
510	111	0.215000
614	30	0.125000
659	356	0.185000
775	382	0.550000
473	514	0.550000
485	623	0.550000
623	928	0.280000
