# start_x	start_y	duration
532	436	0.215000
493	421	0.185000
579	726	0.245000
412	743	0.215000
260	815	0.245000
175	819	0.215000
204	792	0.550000
118	963	0.215000
532	893	0.125000
601	568	0.215000
575	88	0.215000
604	609	0.125000
679	874	0.550000
231	955	0.125000
295	833	0.245000
520	481	0.325000
445	374	0.550000
376	382	0.550000
304	358	0.215000
229	775	0.185000
218	813	0.280000
