# start_x	start_y	duration
503	518	0.185000
368	878	0.550000
145	833	0.245000
193	837	0.185000
243	137	0.550000
193	848	0.550000
715	654	0.280000
