# start_x	start_y	duration
492	446	0.280000
493	372	0.185000
420	127	0.550000
262	773	0.215000
145	813	0.185000
323	815	0.280000
245	883	0.245000
275	792	0.375000
704	316	0.550000
414	156	0.550000
501	125	0.125000
393	67	0.125000
117	298	0.215000
175	920	0.245000
409	872	0.185000
273	780	0.215000
250	827	0.125000
864	257	0.550000
604	139	0.215000
