# start_x	start_y	duration
514	312	0.125000
523	405	0.090000
554	743	0.550000
346	843	0.550000
290	901	0.550000
423	195	0.215000
357	339	0.550000
784	337	0.280000
843	247	0.215000
834	306	0.375000
690	234	0.550000
268	720	0.215000
215	850	0.125000
221	843	0.185000
654	773	0.280000
634	598	0.215000
275	271	0.090000
218	769	0.550000
260	771	0.215000
439	259	0.215000
535	710	0.280000
846	366	0.125000
650	928	0.185000
242	747	0.550000
376	380	0.550000
471	691	0.125000
