# start_x	start_y	duration
532	469	0.245000
643	290	0.550000
782	292	0.185000
404	20	0.245000
365	808	0.550000
295	817	0.125000
143	885	0.280000
685	821	0.280000
256	868	0.325000
337	798	0.125000
703	605	0.550000
745	382	0.550000
735	391	0.550000
825	263	0.215000
873	831	0.125000
