# start_x	start_y	duration
462	300	0.280000
475	479	0.090000
723	376	0.245000
212	915	0.215000
271	773	0.280000
184	876	0.125000
225	780	0.185000
607	271	0.185000
629	780	0.450000
745	831	0.125000
573	512	0.125000
285	319	0.280000
429	736	0.215000
279	802	0.550000
351	20	0.375000
335	356	0.215000
473	393	0.550000
614	786	0.550000
337	642	0.325000
210	810	0.215000
162	864	0.550000
373	559	0.550000
340	913	0.215000
296	870	0.245000
271	866	0.185000
