# start_x	start_y	duration
359	137	0.325000
300	403	0.550000
292	341	0.375000
284	405	0.375000
829	366	0.245000
357	251	0.280000
562	199	0.375000
514	247	0.090000
171	790	0.550000
359	897	0.185000
546	590	0.185000
301	942	0.550000
231	806	0.375000
546	769	0.280000
414	876	0.215000
467	763	0.185000
303	751	0.185000
251	959	0.185000
287	370	0.550000
