# start_x	start_y	duration
460	475	0.215000
384	242	0.280000
526	648	0.090000
756	792	0.125000
828	757	0.550000
721	261	0.600000
693	378	0.550000
598	829	0.215000
587	819	0.600000
318	823	0.090000
579	459	0.215000
285	76	0.245000
545	129	0.185000
295	792	0.215000
242	432	0.280000
343	41	0.550000
385	90	0.215000
154	240	0.550000
181	862	0.215000
773	389	0.280000
640	156	0.125000
440	475	0.550000
600	691	0.245000
860	636	0.215000
745	640	0.550000
673	316	0.550000
739	201	0.325000
