# start_x	start_y	duration
740	413	0.280000
335	285	0.185000
457	109	0.550000
117	15	0.550000
178	53	0.125000
604	358	0.215000
603	503	0.550000
546	763	0.185000
185	231	0.375000
245	118	0.185000
506	68	0.215000
487	313	0.375000
487	107	0.550000
423	72	0.550000
225	388	0.245000
404	97	0.550000
548	91	0.215000
278	325	0.280000
290	109	0.090000
579	394	0.185000
100	415	0.185000
800	187	0.185000
721	570	0.375000
789	292	0.215000
468	114	0.185000
