# start_x	start_y	duration
318	302	0.215000
203	61	0.550000
314	0	0.550000
543	195	0.325000
159	107	0.280000
409	93	0.185000
450	402	0.280000
617	214	0.245000
673	189	0.450000
543	89	0.550000
593	11	0.550000
596	42	0.185000
489	97	0.550000
685	122	0.325000
471	539	0.245000
684	411	0.215000
