# start_x	start_y	duration
237	233	0.185000
378	195	0.185000
420	687	0.185000
239	779	0.550000
434	719	0.550000
392	101	0.375000
417	107	0.185000
481	82	0.550000
556	68	0.215000
198	47	0.185000
671	224	0.090000
357	499	0.125000
240	606	0.245000
93	771	0.450000
306	68	0.450000
425	118	0.215000
212	777	0.215000
139	758	0.280000
356	493	0.185000
304	86	0.550000
570	296	0.550000
626	67	0.185000
584	216	0.185000
404	786	0.245000
160	268	0.550000
