# start_x	start_y	duration
212	430	0.185000
123	490	0.325000
171	82	0.185000
487	70	0.215000
510	93	0.185000
553	220	0.280000
573	88	0.215000
445	76	0.125000
475	93	0.215000
798	141	0.550000
479	78	0.550000
617	243	0.375000
609	93	0.215000
684	285	0.215000
609	336	0.185000
368	649	0.550000
248	51	0.550000
293	576	0.125000
328	352	0.550000
456	103	0.185000
684	61	0.185000
460	294	0.185000
