# start_x	start_y	duration
639	589	0.550000
404	635	0.280000
435	47	0.090000
295	281	0.215000
457	476	0.550000
225	497	0.185000
389	82	0.215000
165	685	0.125000
503	371	0.245000
715	256	0.185000
467	405	0.215000
146	59	0.125000
301	560	0.245000
253	515	0.125000
601	111	0.280000
546	67	0.375000
620	147	0.450000
256	591	0.215000
173	809	0.550000
475	683	0.090000
315	555	0.215000
350	756	0.550000
454	434	0.325000
