# start_x	start_y	duration
635	382	0.245000
471	463	0.185000
517	44	0.550000
453	84	0.090000
282	800	0.185000
110	545	0.245000
325	68	0.550000
690	139	0.450000
368	603	0.550000
726	681	0.185000
507	461	0.280000
617	624	0.215000
312	633	0.185000
509	86	0.325000
240	513	0.325000
107	876	0.550000
465	712	0.325000
406	99	0.550000
306	42	0.185000
789	296	0.325000
350	239	0.375000
557	574	0.280000
475	212	0.550000
598	124	0.185000
668	673	0.325000
