# start_x	start_y	duration
470	476	0.185000
465	388	0.185000
145	346	0.280000
175	24	0.280000
281	47	0.185000
564	53	0.215000
306	32	0.185000
703	423	0.125000
348	436	0.185000
781	271	0.125000
225	55	0.550000
495	55	0.215000
273	164	0.550000
648	599	0.245000
639	620	0.550000
617	811	0.125000
496	840	0.215000
575	419	0.090000
412	484	0.450000
775	344	0.550000
571	731	0.185000
668	436	0.185000
81	520	0.245000
