# start_x	start_y	duration
475	342	0.185000
342	564	0.550000
792	279	0.215000
564	101	0.550000
381	784	0.450000
165	905	0.375000
287	863	0.185000
315	666	0.550000
348	352	0.325000
229	384	0.185000
368	130	0.215000
150	348	0.185000
454	183	0.550000
671	250	0.550000
532	17	0.185000
479	486	0.185000
631	461	0.185000
442	88	0.280000
675	243	0.245000
779	585	0.280000
653	19	0.125000
559	70	0.550000
775	756	0.550000
314	606	0.550000
