# start_x	start_y	duration
143	729	0.550000
418	109	0.450000
259	442	0.550000
282	792	0.280000
459	683	0.185000
568	72	0.325000
273	206	0.215000
531	32	0.280000
240	26	0.245000
320	17	0.185000
571	105	0.280000
420	28	0.215000
598	118	0.245000
134	32	0.550000
353	403	0.550000
451	111	0.325000
506	522	0.215000
821	254	0.125000
560	193	0.215000
354	237	0.280000
510	233	0.325000
614	55	0.215000
728	637	0.550000
485	57	0.215000
654	101	0.550000
753	440	0.375000
817	225	0.245000
