# start_x	start_y	duration
485	367	0.185000
271	17	0.550000
401	105	0.185000
271	135	0.450000
395	388	0.185000
565	67	0.375000
493	63	0.850000
404	122	0.185000
225	358	0.125000
200	405	1.250000
356	654	0.215000
801	716	0.215000
820	566	0.450000
764	256	0.215000
565	350	0.215000
292	82	0.375000
314	409	0.185000
473	86	0.215000
353	608	0.090000
150	287	0.125000
251	264	0.245000
439	421	0.090000
