# start_x	start_y	duration
418	392	0.215000
518	478	0.215000
609	84	0.185000
351	218	0.375000
575	70	0.245000
765	201	0.550000
681	358	0.280000
579	225	0.550000
743	384	0.185000
778	626	0.550000
251	455	0.185000
435	120	0.185000
650	126	0.215000
648	67	0.245000
631	428	0.325000
442	74	0.550000
570	88	0.550000
567	78	0.550000
450	42	0.125000
593	67	0.245000
