# start_x	start_y	duration
481	375	0.185000
215	771	0.550000
371	763	0.125000
615	170	0.325000
246	359	0.215000
440	53	0.550000
812	273	0.550000
495	36	0.550000
835	149	0.125000
746	250	0.245000
725	359	0.280000
278	470	0.245000
175	80	0.550000
259	72	0.245000
271	63	0.125000
237	241	0.550000
234	292	0.245000
464	359	0.450000
251	137	0.185000
465	139	0.245000
