# start_x	start_y	duration
409	76	0.550000
226	61	0.325000
531	388	0.375000
442	76	0.245000
225	281	0.215000
223	93	0.245000
571	338	0.550000
214	105	0.185000
250	72	0.550000
182	172	0.090000
628	76	0.550000
725	568	0.125000
582	880	0.125000
146	386	0.215000
304	407	0.550000
584	28	0.550000
501	67	0.280000
556	358	0.375000
560	149	0.550000
437	371	0.550000
