# start_x	start_y	duration
120	359	0.550000
514	99	0.550000
459	82	0.550000
671	137	0.185000
528	120	0.185000
537	409	0.125000
489	105	0.185000
300	513	0.185000
540	141	0.550000
321	335	0.450000
468	474	0.325000
300	649	0.185000
401	70	0.245000
373	235	0.185000
168	296	0.215000
264	47	0.280000
582	162	0.185000
850	358	0.550000
640	143	0.550000
625	484	0.550000
492	174	0.215000
