# start_x	start_y	duration
526	752	0.375000
460	74	0.375000
537	86	0.090000
509	99	0.550000
229	369	0.125000
279	534	0.125000
185	515	0.550000
98	817	0.280000
479	61	0.245000
304	668	0.550000
856	739	0.550000
773	333	0.245000
284	582	0.450000
225	798	0.090000
287	432	0.215000
526	185	0.450000
387	74	0.450000
223	34	0.280000
153	65	0.245000
234	298	0.090000
346	308	0.280000
751	187	0.215000
740	338	0.215000
131	74	0.245000
568	93	0.185000
471	88	0.125000
