# start_x	start_y	duration
490	434	0.185000
818	155	0.550000
543	126	0.125000
509	101	0.325000
248	36	0.550000
187	49	0.215000
357	258	0.375000
398	691	0.245000
650	603	0.215000
323	199	0.550000
560	239	0.185000
703	189	0.125000
615	80	0.280000
542	790	0.125000
521	472	0.125000
485	403	0.185000
367	474	0.125000
310	103	0.325000
301	201	0.325000
