# start_x	start_y	duration
387	206	0.325000
243	82	0.325000
184	28	0.125000
200	7	0.185000
375	122	0.280000
596	38	0.185000
582	68	0.280000
410	440	0.600000
598	871	0.245000
539	480	0.215000
735	811	0.550000
332	892	0.185000
431	790	0.280000
225	783	0.550000
356	783	0.215000
228	67	0.125000
262	231	0.125000
228	381	0.185000
