# start_x	start_y	duration
459	477	0.125000
496	500	0.215000
357	479	0.215000
240	18	0.280000
346	691	0.280000
460	958	0.375000
500	625	0.280000
620	356	0.185000
537	268	0.325000
726	320	0.245000
673	220	0.215000
584	204	0.550000
625	297	0.550000
709	262	0.245000
309	533	0.215000
267	641	0.550000
587	758	0.215000
384	312	0.125000
671	260	0.325000
626	495	0.550000
564	429	0.280000
601	964	0.215000
445	781	0.325000
542	572	0.280000
464	654	0.550000
582	658	0.185000
776	841	0.185000
