# start_x	start_y	duration
528	527	0.185000
510	495	0.245000
801	170	0.185000
762	506	0.245000
406	793	0.185000
734	783	0.325000
775	154	0.245000
653	191	0.185000
750	320	0.185000
173	154	0.550000
465	218	0.550000
668	172	0.185000
556	514	0.245000
212	470	0.550000
190	452	0.185000
348	222	0.215000
801	495	0.550000
726	252	0.185000
643	581	0.550000
717	912	0.185000
726	712	0.185000
337	500	0.185000
537	172	0.245000
576	256	0.550000
712	368	0.550000
778	227	0.550000
