# start_x	start_y	duration
534	462	0.215000
301	95	0.245000
451	170	0.245000
760	135	0.125000
818	316	0.125000
523	270	0.280000
193	16	0.215000
223	606	0.215000
434	479	0.325000
356	672	0.215000
675	250	0.280000
284	472	0.125000
317	239	0.245000
670	339	0.185000
821	366	0.550000
703	181	0.550000
217	291	0.550000
242	608	0.325000
371	493	0.215000
195	620	0.375000
654	268	0.325000
509	483	0.125000
423	883	0.375000
187	658	0.325000
