# start_x	start_y	duration
531	260	0.215000
237	543	0.450000
506	843	0.600000
292	845	0.550000
401	666	0.185000
476	654	0.245000
762	593	0.185000
587	681	0.550000
501	460	0.185000
428	760	0.125000
801	652	0.185000
