# start_x	start_y	duration
498	525	0.375000
457	181	0.280000
770	241	0.280000
714	441	0.325000
710	143	0.185000
815	595	0.550000
620	708	0.325000
832	237	0.550000
371	650	0.550000
209	481	0.185000
287	633	0.450000
281	587	0.245000
378	931	0.550000
396	964	0.185000
360	695	0.550000
440	222	0.215000
332	493	0.280000
853	258	0.215000
565	222	0.325000
401	631	0.215000
273	168	0.245000
