# start_x	start_y	duration
515	381	0.245000
640	739	0.550000
401	677	0.550000
475	514	0.185000
545	381	0.185000
785	493	0.550000
554	829	0.185000
751	504	0.215000
537	579	0.550000
403	737	0.245000
526	254	0.125000
385	681	0.375000
825	243	0.215000
810	912	0.185000
726	779	0.245000
654	629	0.550000
787	183	0.185000
631	564	0.185000
773	297	0.550000
328	364	0.125000
457	225	0.550000
431	337	0.185000
464	133	0.600000
846	879	0.185000
