# start_x	start_y	duration
526	535	0.215000
173	562	0.550000
175	562	0.325000
225	650	0.215000
426	208	0.550000
535	237	0.090000
392	641	0.450000
568	804	0.550000
728	683	0.550000
770	714	0.185000
814	529	0.280000
723	743	0.185000
506	664	0.215000
443	452	0.125000
228	693	0.280000
457	320	0.215000
178	468	0.185000
359	118	0.125000
207	70	0.450000
504	608	0.550000
748	420	0.550000
789	185	0.280000
