# start_x	start_y	duration
471	458	0.325000
704	195	0.550000
548	231	0.215000
762	162	0.215000
746	89	0.185000
521	764	0.550000
803	820	0.550000
651	654	0.125000
603	943	0.215000
514	641	0.325000
710	666	0.185000
639	245	0.245000
729	785	0.185000
784	545	0.125000
