# start_x	start_y	duration
496	479	0.215000
485	489	0.185000
601	816	0.215000
143	620	0.280000
306	647	0.185000
270	425	0.375000
203	610	0.325000
562	352	0.125000
225	441	0.215000
293	625	0.280000
398	664	0.215000
709	870	0.245000
687	618	0.125000
701	756	0.550000
320	545	0.090000
567	281	0.325000
612	810	0.245000
757	762	0.375000
723	600	0.375000
