# start_x	start_y	duration
795	456	0.550000
282	564	0.550000
426	185	0.245000
501	502	0.125000
343	462	0.245000
762	302	0.245000
828	595	0.280000
817	787	0.185000
790	933	0.185000
685	681	0.215000
379	191	0.090000
178	597	0.325000
268	535	0.125000
442	185	0.280000
398	468	0.185000
789	327	0.550000
329	700	0.325000
187	156	0.450000
676	177	0.280000
820	345	0.125000
