# start_x	start_y	duration
670	368	0.185000
387	245	0.215000
684	254	0.245000
789	168	0.215000
751	250	0.280000
689	122	0.245000
350	652	0.245000
295	306	0.215000
318	477	0.550000
725	383	0.125000
189	629	0.280000
243	66	0.375000
757	41	0.185000
568	270	0.185000
451	183	0.125000
265	591	0.325000
218	487	0.215000
179	410	0.550000
162	287	0.280000
384	579	0.215000
604	718	0.125000
