# start_x	start_y	duration
240	410	0.245000
531	531	0.090000
514	556	0.125000
732	706	0.185000
653	504	0.125000
457	589	0.550000
273	966	0.185000
200	506	0.185000
432	466	0.185000
606	360	0.550000
728	191	0.215000
656	435	0.185000
765	160	0.375000
814	297	0.125000
448	627	0.125000
498	227	0.185000
209	77	0.215000
518	889	0.215000
807	916	0.550000
150	904	0.090000
500	579	0.215000
415	606	0.185000
254	625	0.280000
342	362	0.245000
634	516	0.245000
