# start_x	start_y	duration
506	479	0.325000
820	127	0.280000
485	187	0.185000
357	187	0.215000
828	166	0.215000
540	164	0.185000
607	197	0.215000
384	639	0.550000
203	493	0.125000
150	20	0.125000
312	631	0.125000
529	566	0.280000
389	743	0.215000
657	364	0.185000
550	591	0.325000
290	627	0.185000
698	420	0.280000
806	758	0.375000
731	420	0.375000
604	533	0.375000
