# start_x	start_y	duration
401	304	0.090000
389	222	0.375000
750	154	0.090000
290	445	0.550000
137	412	0.325000
243	18	0.245000
593	175	0.245000
618	279	0.375000
809	414	0.185000
539	554	0.550000
590	637	0.450000
503	187	0.185000
778	460	0.215000
564	285	0.550000
453	847	0.215000
518	502	0.125000
653	518	0.550000
564	722	0.125000
729	727	0.215000
765	204	0.215000
764	129	0.245000
195	70	0.125000
251	220	0.325000
409	502	0.215000
262	660	0.215000
