# start_x	start_y	duration
517	454	0.185000
387	760	0.550000
428	504	0.185000
351	595	0.550000
526	727	0.185000
246	810	0.550000
712	627	0.185000
832	972	0.125000
751	822	0.125000
278	312	0.245000
451	202	0.185000
156	14	0.215000
414	166	0.550000
212	225	0.125000
407	618	0.550000
709	708	0.125000
765	341	0.125000
782	629	0.325000
864	402	0.280000
476	908	0.550000
439	202	0.550000
801	672	0.185000
798	895	0.125000
