# start_x	start_y	duration
473	491	0.450000
810	791	0.325000
750	593	0.280000
187	277	0.325000
678	241	0.450000
646	818	0.125000
775	547	0.600000
767	310	0.125000
170	77	0.215000
171	277	0.550000
251	572	0.450000
176	435	0.215000
262	745	0.325000
443	585	0.550000
220	893	0.185000
617	837	0.245000
835	137	0.280000
593	352	0.185000
607	354	0.550000
509	433	0.125000
339	583	0.185000
768	189	0.090000
635	227	0.185000
223	679	0.090000
