# start_x	start_y	duration
615	695	0.375000
470	522	0.185000
701	625	0.325000
498	672	0.215000
271	643	0.450000
201	537	0.125000
771	129	0.090000
426	197	0.185000
220	45	0.600000
653	335	0.245000
553	754	0.550000
295	887	0.125000
235	795	0.550000
309	595	0.280000
385	708	0.245000
735	714	0.280000
503	912	0.185000
160	606	0.215000
209	206	0.125000
203	379	0.125000
243	956	0.215000
292	685	0.185000
750	797	0.185000
