# start_x	start_y	duration
443	214	0.125000
521	610	0.215000
232	364	0.550000
745	254	0.280000
689	568	0.375000
431	327	0.245000
709	106	0.550000
573	318	0.550000
415	745	0.450000
445	685	0.450000
681	600	0.215000
714	666	0.550000
796	758	0.090000
231	610	0.185000
301	850	0.125000
528	729	0.215000
690	670	0.550000
184	745	0.375000
709	631	0.185000
804	677	0.550000
735	850	0.280000
607	833	0.550000
