# start_x	start_y	duration
179	914	0.215000
250	625	0.550000
515	170	0.185000
739	570	0.550000
309	758	0.450000
378	566	0.215000
439	589	0.280000
410	737	0.090000
423	925	0.125000
734	831	0.550000
831	420	0.550000
460	110	0.215000
260	427	0.090000
495	454	0.550000
450	870	0.215000
210	668	0.550000
587	762	0.215000
831	420	0.550000
820	204	0.325000
532	537	0.185000
335	491	0.215000
262	918	0.375000
131	358	0.185000
323	491	0.125000
356	770	0.550000
610	954	0.450000
