# start_x	start_y	duration
182	72	0.185000
107	49	0.185000
271	67	0.245000
328	52	0.550000
43	119	0.550000
335	314	0.375000
468	236	0.550000
557	43	0.125000
332	61	0.090000
270	303	0.325000
107	239	0.185000
0	291	0.215000
517	331	0.550000
709	88	0.185000
739	260	0.125000
589	100	0.185000
803	91	0.125000
532	107	0.090000
670	354	0.245000
610	546	0.280000
400	184	0.125000
73	266	0.245000
