# start_x	start_y	duration
410	255	0.450000
698	283	0.550000
960	428	0.550000
781	294	0.245000
268	68	0.125000
159	360	0.215000
554	344	0.185000
568	99	0.185000
685	374	0.245000
885	391	0.550000
946	141	0.125000
837	106	0.185000
246	364	0.280000
570	303	0.215000
315	98	0.280000
137	278	0.550000
362	483	0.185000
900	172	0.550000
935	378	0.185000
915	115	0.550000
918	100	0.185000
551	122	0.550000
554	346	0.090000
650	403	0.125000
931	378	0.550000
762	84	0.125000
796	95	0.450000
976	141	0.215000
