# start_x	start_y	duration
468	327	0.325000
520	356	0.280000
906	471	0.215000
820	81	0.245000
670	102	0.550000
487	350	0.215000
245	491	0.600000
81	157	0.550000
60	193	0.280000
287	454	0.185000
235	364	0.185000
685	323	0.550000
900	494	0.550000
593	310	0.215000
650	341	0.215000
884	112	0.125000
943	430	0.245000
807	317	0.215000
737	96	0.550000
953	240	0.185000
953	110	0.125000
785	450	0.450000
971	266	0.125000
