# start_x	start_y	duration
167	83	0.185000
26	64	0.245000
615	69	0.125000
687	84	0.185000
785	120	0.185000
810	546	0.215000
879	94	0.245000
656	81	0.600000
967	57	0.280000
920	159	0.185000
842	73	0.215000
590	76	0.245000
882	87	0.185000
854	124	0.215000
693	360	0.090000
515	137	0.450000
265	200	0.215000
14	331	0.450000
265	372	0.280000
31	210	0.550000
740	99	0.325000
781	368	0.245000
817	403	0.550000
