# start_x	start_y	duration
529	334	0.215000
464	240	0.185000
701	100	0.550000
668	56	0.550000
453	64	0.280000
210	83	0.215000
475	314	0.215000
171	237	0.125000
535	322	0.185000
175	416	0.325000
459	262	0.215000
725	99	0.215000
928	392	0.550000
570	123	0.550000
418	88	0.215000
540	339	0.325000
740	90	0.850000
168	90	0.375000
89	288	0.325000
59	341	0.245000
67	79	0.215000
543	217	0.280000
626	376	0.325000
710	127	0.215000
