# start_x	start_y	duration
481	180	0.125000
795	451	0.280000
939	400	0.125000
540	303	0.215000
157	57	0.185000
573	53	0.185000
709	108	0.185000
596	36	0.185000
818	335	0.450000
798	313	0.245000
890	151	0.450000
817	354	0.325000
728	212	0.185000
832	112	0.185000
606	112	0.125000
904	294	0.125000
735	167	0.215000
268	112	0.280000
431	458	0.185000
673	111	0.325000
