# start_x	start_y	duration
351	206	0.185000
460	322	0.125000
637	313	0.550000
562	92	0.280000
131	84	0.125000
25	227	0.245000
125	69	0.185000
135	96	0.245000
556	88	0.125000
707	98	0.450000
998	360	0.550000
921	377	0.215000
890	306	0.125000
706	103	0.550000
540	346	0.550000
596	100	0.245000
671	87	0.550000
570	114	0.125000
942	192	0.280000
610	92	0.280000
740	120	0.185000
190	84	0.215000
234	170	0.215000
471	440	0.550000
918	111	0.325000
921	102	0.215000
817	306	0.185000
971	378	0.280000
