# start_x	start_y	duration
220	180	0.125000
229	239	0.185000
329	79	0.215000
581	87	0.550000
157	150	0.550000
173	130	0.215000
282	86	0.125000
18	373	0.375000
104	399	0.185000
243	415	0.185000
212	330	0.185000
720	361	0.185000
837	334	0.325000
585	325	0.375000
956	194	0.185000
604	88	0.325000
517	283	0.550000
407	397	0.550000
720	404	0.280000
578	352	0.215000
384	451	0.215000
376	452	0.280000
496	428	0.550000
560	302	0.245000
460	430	0.450000
401	376	0.125000
331	67	0.125000
