# start_x	start_y	duration
164	64	0.125000
196	72	0.600000
706	69	0.280000
609	294	0.550000
229	116	0.280000
481	319	0.215000
300	314	0.215000
268	373	0.550000
223	362	0.245000
251	333	0.280000
68	79	0.550000
140	96	0.245000
643	107	0.185000
435	335	0.850000
720	76	0.090000
740	239	0.245000
212	372	0.450000
596	517	0.185000
968	569	0.245000
850	490	0.325000
939	494	0.185000
603	330	0.125000
