# start_x	start_y	duration
470	317	0.325000
12	45	0.215000
531	81	0.185000
645	90	0.375000
967	248	0.550000
685	419	0.185000
868	538	0.125000
471	335	0.215000
495	263	0.185000
559	104	0.090000
843	212	0.550000
589	311	0.280000
617	294	0.215000
34	55	0.185000
323	124	0.125000
118	83	0.245000
625	102	0.375000
850	72	0.215000
742	91	0.185000
