# start_x	start_y	duration
312	92	0.450000
662	86	0.550000
665	118	0.550000
232	388	0.125000
106	76	0.185000
567	112	0.600000
737	76	0.215000
362	315	0.185000
75	391	0.550000
104	150	0.550000
185	108	0.550000
57	370	0.245000
506	345	0.325000
937	139	0.185000
876	25	0.185000
726	104	0.280000
626	302	0.185000
414	278	0.125000
539	553	0.125000
598	330	0.125000
579	325	0.550000
