# start_x	start_y	duration
228	353	0.550000
312	305	0.185000
64	395	0.125000
243	366	0.215000
64	77	0.375000
656	319	0.185000
571	314	0.185000
229	389	0.185000
803	424	0.185000
934	365	0.245000
695	306	0.550000
571	353	0.325000
706	272	0.245000
976	326	0.550000
923	415	0.550000
660	338	0.550000
350	338	0.375000
525	296	0.125000
473	313	0.550000
875	466	0.185000
875	455	0.450000
732	102	0.245000
814	95	0.600000
157	470	0.185000
192	110	0.550000
