# start_x	start_y	duration
448	341	0.245000
565	95	0.280000
726	112	0.185000
239	59	0.125000
235	88	0.550000
262	151	0.215000
526	327	0.185000
596	118	0.550000
564	77	0.125000
939	141	0.550000
925	92	0.450000
845	305	0.215000
850	91	0.125000
540	303	0.550000
729	396	0.125000
725	536	0.375000
906	482	0.125000
914	507	0.125000
681	423	0.185000
543	424	0.375000
529	303	0.215000
426	454	0.215000
448	472	0.550000
