# start_x	start_y	duration
464	157	0.325000
634	76	0.550000
754	91	0.185000
940	344	0.185000
984	399	0.245000
985	364	0.550000
784	307	0.215000
923	110	0.550000
370	380	0.280000
567	310	0.215000
251	263	0.550000
882	248	0.280000
989	94	0.185000
909	98	0.550000
878	333	0.325000
528	439	0.245000
867	102	0.280000
520	338	0.215000
814	329	0.325000
684	80	0.550000
293	83	0.550000
537	314	0.125000
768	98	0.185000
