# start_x	start_y	duration
340	459	0.550000
414	442	0.280000
153	228	0.185000
248	76	0.550000
25	361	0.280000
323	506	0.125000
192	413	0.185000
168	283	0.550000
257	75	0.550000
584	483	0.185000
40	475	0.125000
392	405	0.185000
459	307	0.125000
362	446	0.245000
370	345	0.090000
473	427	0.550000
704	327	0.245000
551	334	0.245000
