# start_x	start_y	duration
482	286	0.185000
601	303	0.550000
781	94	0.090000
551	68	0.325000
693	92	0.450000
304	106	0.450000
270	284	0.550000
460	428	0.125000
534	323	0.125000
850	249	0.185000
904	298	0.325000
962	339	0.125000
584	366	0.125000
595	177	0.550000
610	323	0.280000
818	111	0.185000
829	65	0.125000
817	189	0.125000
390	325	0.280000
592	169	0.215000
529	88	0.550000
