# start_x	start_y	duration
493	249	0.375000
126	389	0.550000
204	61	0.245000
14	552	0.550000
431	456	0.375000
726	192	0.215000
620	150	0.280000
692	126	0.450000
751	55	0.450000
800	118	0.090000
925	129	0.090000
910	466	0.245000
964	421	0.215000
867	405	0.125000
623	68	0.125000
954	444	0.185000
704	243	0.280000
943	76	0.325000
979	459	0.550000
968	337	0.185000
892	460	0.125000
776	198	0.185000
959	114	0.280000
950	115	0.215000
740	534	0.550000
606	318	0.215000
