# start_x	start_y	duration
184	296	0.550000
48	373	0.600000
79	87	0.450000
200	305	0.125000
67	84	0.185000
26	356	0.550000
198	377	0.125000
64	377	0.325000
25	75	0.245000
460	208	0.125000
671	361	0.125000
989	228	0.375000
968	91	0.550000
903	322	0.280000
889	100	0.600000
592	490	0.125000
162	112	0.125000
534	352	0.215000
275	44	0.185000
382	311	0.215000
250	208	0.215000
95	76	0.245000
290	185	0.245000
957	292	0.245000
862	450	0.125000
626	382	0.215000
673	155	0.550000
640	137	0.280000
