# start_x	start_y	duration
867	223	0.550000
893	408	0.090000
675	79	0.550000
621	103	0.325000
959	239	0.550000
964	173	0.325000
573	91	0.450000
248	83	0.600000
225	131	0.245000
935	91	0.550000
696	94	0.215000
978	374	0.550000
950	444	0.185000
545	404	0.550000
673	86	0.550000
221	387	0.215000
414	376	0.125000
145	288	0.215000
210	325	0.375000
364	311	0.215000
153	376	0.185000
623	399	0.185000
628	98	0.245000
829	296	0.325000
818	446	0.245000
