# start_x	start_y	duration
335	71	0.550000
718	115	0.185000
626	381	0.090000
915	255	0.550000
845	111	0.550000
785	114	0.280000
701	84	0.125000
823	87	0.185000
896	172	0.550000
784	267	0.125000
782	298	0.245000
406	443	0.125000
101	419	0.215000
275	481	0.550000
76	249	0.185000
423	259	0.125000
223	260	0.550000
600	77	0.245000
701	309	0.280000
225	286	0.550000
429	373	0.550000
681	95	0.125000
545	86	0.185000
579	91	0.215000
653	301	0.125000
