# start_x	start_y	duration
921	156	0.185000
150	196	0.280000
468	297	0.280000
870	321	0.280000
932	194	0.375000
764	160	0.245000
846	287	0.550000
882	346	0.125000
937	275	0.215000
910	143	0.215000
934	176	0.550000
917	267	0.245000
928	110	0.185000
835	281	0.280000
556	353	0.125000
45	476	0.215000
178	119	0.325000
156	100	0.125000
82	175	0.215000
64	119	0.125000
