# start_x	start_y	duration
179	104	0.280000
210	113	0.245000
225	83	0.550000
150	328	0.185000
454	234	0.550000
942	279	0.245000
845	186	0.550000
835	115	0.090000
931	399	0.125000
593	347	0.280000
906	314	0.550000
470	267	0.215000
273	359	0.280000
284	242	0.280000
951	323	0.325000
964	385	0.550000
962	183	0.125000
857	160	0.215000
943	476	0.450000
767	415	0.245000
989	285	0.325000
931	103	0.280000
885	123	0.245000
789	134	0.185000
990	362	0.125000
945	188	0.185000
