# start_x	start_y	duration
35	161	0.185000
315	193	0.185000
887	286	0.325000
829	478	0.450000
700	325	0.550000
610	307	0.185000
675	362	0.185000
745	324	0.185000
879	362	0.245000
962	272	0.245000
682	244	0.185000
882	255	0.185000
918	162	0.185000
921	293	0.245000
926	153	0.125000
862	176	0.125000
878	154	0.325000
775	321	0.325000
879	150	0.125000
862	124	0.125000
85	90	0.375000
68	123	0.215000
103	327	0.215000
