# start_x	start_y	duration
976	203	0.550000
957	134	0.215000
906	110	0.550000
853	136	0.125000
956	134	0.125000
818	115	0.125000
870	418	0.375000
887	470	0.185000
971	231	0.125000
990	356	0.215000
984	299	0.325000
296	139	0.550000
81	132	0.550000
20	75	0.325000
21	207	0.245000
60	275	0.375000
132	376	0.550000
160	124	0.245000
121	101	0.125000
43	94	0.550000
101	166	0.125000
0	331	0.125000
