# start_x	start_y	duration
101	88	0.245000
129	172	0.185000
596	253	0.550000
885	110	0.125000
614	334	0.280000
825	308	0.550000
826	133	0.280000
817	137	0.125000
992	179	0.550000
792	279	0.185000
671	319	0.090000
848	252	0.600000
848	161	0.125000
812	265	0.375000
959	267	0.125000
743	265	0.125000
803	137	0.280000
893	246	0.125000
626	354	0.375000
375	298	0.090000
35	191	1.250000
79	88	0.325000
68	133	0.550000
