# start_x	start_y	duration
582	265	0.245000
312	87	0.185000
243	110	0.215000
584	354	0.550000
898	417	0.185000
964	352	0.550000
818	380	0.215000
940	344	0.245000
814	150	0.125000
404	338	0.090000
967	442	0.375000
662	397	0.185000
804	321	0.245000
923	148	0.185000
932	354	0.550000
954	211	0.185000
762	305	0.245000
