# start_x	start_y	duration
43	93	0.280000
306	261	0.185000
89	103	0.185000
251	193	0.125000
59	117	0.215000
76	130	0.375000
129	115	0.550000
70	156	0.125000
364	135	0.125000
521	292	0.185000
57	94	0.185000
120	106	0.185000
487	275	0.550000
951	200	0.185000
231	99	0.125000
96	110	0.215000
167	119	0.185000
243	107	0.125000
121	126	0.215000
73	104	0.550000
484	350	0.550000
901	290	0.325000
490	398	0.125000
707	318	0.185000
