# start_x	start_y	duration
110	142	0.185000
120	160	0.185000
135	112	0.245000
489	290	0.185000
800	121	0.550000
925	327	0.245000
851	140	0.215000
828	257	0.215000
970	295	0.185000
854	205	0.125000
734	432	0.550000
739	267	0.185000
873	91	0.325000
846	271	0.215000
959	283	0.125000
598	198	0.550000
582	324	0.185000
451	424	0.245000
134	87	0.550000
215	114	0.125000
104	99	0.090000
87	113	0.185000
182	182	0.215000
615	185	0.325000
890	283	0.215000
