# start_x	start_y	duration
517	328	0.185000
128	353	0.550000
109	123	0.550000
214	271	0.550000
46	155	0.125000
114	133	0.325000
446	255	0.125000
184	119	0.375000
9	152	0.450000
382	365	0.185000
620	384	0.215000
918	182	0.215000
939	240	0.550000
696	377	0.550000
750	426	0.090000
537	265	0.550000
1	468	0.375000
359	407	0.215000
