# start_x	start_y	duration
104	94	0.125000
67	67	0.280000
287	101	0.245000
81	149	0.185000
45	94	0.280000
85	122	0.185000
93	136	0.215000
107	95	0.280000
73	205	0.245000
34	165	0.215000
118	121	1.250000
125	259	0.125000
95	161	0.125000
87	79	0.325000
153	61	0.215000
381	364	0.245000
239	397	0.450000
439	266	0.185000
206	369	0.550000
207	94	0.280000
126	49	0.375000
103	402	0.600000
