# start_x	start_y	duration
942	130	0.550000
831	113	0.550000
801	312	0.550000
973	228	0.550000
956	349	0.450000
970	457	0.280000
656	363	0.215000
906	253	0.550000
757	346	0.550000
653	478	0.215000
998	416	0.185000
968	347	0.215000
953	364	0.185000
942	373	0.550000
943	353	0.185000
654	297	0.185000
943	201	0.090000
942	149	0.125000
76	319	0.245000
664	327	0.245000
850	445	0.325000
962	347	0.550000
728	254	0.215000
528	271	0.375000
