# start_x	start_y	duration
785	295	0.550000
903	179	0.215000
875	104	0.125000
845	153	0.375000
993	199	0.550000
973	448	0.450000
662	344	0.325000
843	390	0.215000
964	142	0.550000
601	237	0.185000
818	178	0.280000
520	345	0.245000
998	402	0.215000
950	468	0.215000
887	400	0.185000
739	245	0.550000
962	321	0.185000
610	141	0.215000
840	112	0.375000
817	163	0.245000
925	417	0.550000
703	275	0.375000
960	430	0.550000
276	323	0.550000
154	271	0.550000
125	424	0.185000
326	169	0.245000
