# start_x	start_y	duration
626	363	0.245000
818	132	0.125000
781	117	0.215000
882	122	0.215000
881	146	0.185000
754	226	0.185000
856	119	0.550000
889	121	0.125000
967	139	0.215000
912	209	0.550000
992	383	0.125000
767	142	0.325000
885	113	0.125000
906	135	0.215000
946	112	0.325000
720	320	0.125000
917	264	0.245000
909	305	0.125000
929	461	0.550000
748	345	0.090000
865	154	0.215000
937	137	0.125000
275	340	0.245000
132	130	0.280000
275	303	0.280000
