# start_x	start_y	duration
62	142	0.280000
4	112	0.245000
98	90	0.125000
146	156	0.325000
135	53	0.215000
343	323	0.125000
232	95	0.550000
904	121	0.125000
867	266	0.215000
762	97	0.280000
501	199	0.125000
760	153	0.185000
156	153	0.215000
264	214	0.280000
14	174	0.125000
51	129	0.185000
153	108	0.125000
250	239	0.125000
873	130	0.245000
535	189	0.245000
953	152	0.450000
864	80	0.185000
678	283	0.185000
745	264	0.550000
