# start_x	start_y	duration
506	290	0.185000
75	160	0.215000
162	104	0.185000
207	90	0.550000
104	385	0.090000
171	370	0.185000
75	116	0.550000
84	122	0.550000
64	304	0.550000
31	149	0.215000
353	115	0.125000
148	122	0.450000
181	133	0.125000
312	94	0.550000
114	101	0.450000
68	119	0.215000
28	192	0.215000
171	341	0.125000
287	424	0.185000
570	372	0.280000
914	81	0.550000
720	267	0.185000
