# start_x	start_y	duration
382	240	0.215000
489	320	0.280000
540	199	0.550000
537	267	0.550000
110	103	0.245000
246	104	0.215000
154	126	0.550000
167	308	0.550000
542	325	0.280000
845	132	0.245000
970	241	0.185000
392	292	0.325000
812	452	0.450000
373	294	0.215000
292	108	0.550000
556	338	0.185000
914	422	0.125000
868	130	0.550000
939	330	0.185000
500	343	0.550000
803	260	0.090000
982	364	0.375000
962	459	0.125000
925	267	0.125000
