# start_x	start_y	duration
240	180	0.325000
112	146	0.215000
85	103	0.550000
182	112	0.280000
195	196	0.280000
84	316	0.280000
545	417	0.185000
628	432	0.550000
815	311	0.375000
845	279	0.185000
929	288	0.280000
920	218	0.215000
856	132	0.185000
985	334	0.090000
865	168	0.125000
453	317	0.245000
246	422	0.550000
73	374	0.185000
104	146	0.550000
92	477	0.185000
