# start_x	start_y	duration
932	278	0.550000
789	134	0.125000
753	278	0.245000
910	143	0.550000
946	141	0.550000
143	238	0.245000
242	245	0.245000
240	142	0.550000
456	240	0.325000
679	337	0.125000
506	336	0.280000
498	294	0.245000
667	415	0.125000
540	339	0.550000
959	290	0.185000
910	208	0.550000
840	146	0.450000
753	411	0.185000
964	129	0.325000
942	224	0.600000
954	229	0.325000
781	300	0.185000
71	192	0.185000
50	238	0.125000
168	83	0.125000
242	115	0.550000
