# start_x	start_y	duration
126	77	0.280000
100	122	0.185000
145	96	0.550000
123	211	0.215000
200	117	0.215000
42	79	0.215000
59	123	0.325000
101	179	0.600000
35	124	0.550000
282	100	0.245000
110	102	0.550000
103	112	0.185000
203	97	0.550000
218	114	0.185000
860	265	0.280000
929	202	0.125000
750	457	0.125000
635	201	0.125000
868	249	0.215000
943	207	0.550000
809	193	0.185000
993	341	0.375000
971	231	0.280000
725	135	0.185000
