# start_x	start_y	duration
148	97	0.185000
173	95	0.550000
121	82	0.185000
67	132	0.185000
117	99	0.185000
203	139	0.375000
26	189	0.215000
26	327	0.325000
157	203	0.550000
62	159	0.215000
418	403	0.280000
587	298	0.280000
565	338	0.125000
215	114	0.185000
151	75	0.185000
120	117	0.215000
82	88	0.215000
