# start_x	start_y	duration
76	88	0.215000
489	143	0.185000
501	80	0.185000
353	162	0.215000
682	264	0.550000
695	223	0.125000
200	191	0.600000
448	63	0.185000
589	274	0.125000
281	377	0.215000
209	304	0.550000
104	432	0.125000
429	531	0.245000
181	449	0.185000
62	417	0.550000
85	464	0.185000
323	558	0.375000
684	304	0.215000
284	515	0.185000
287	388	0.185000
603	294	0.125000
192	305	0.215000
28	440	0.550000
123	240	0.325000
723	147	0.550000
387	126	0.550000
635	238	0.125000
