# start_x	start_y	duration
481	191	0.125000
482	329	0.280000
126	501	0.185000
496	402	0.280000
629	278	0.185000
120	455	0.850000
57	356	0.125000
118	466	0.375000
78	412	0.215000
579	316	0.185000
190	358	0.185000
126	402	0.125000
404	248	0.185000
260	509	0.245000
90	505	0.185000
9	526	0.550000
76	440	0.125000
67	427	0.325000
37	470	0.215000
164	334	0.215000
114	506	0.550000
668	274	0.215000
720	204	0.550000
362	484	0.550000
3	441	0.600000
46	548	0.245000
