# start_x	start_y	duration
417	208	0.125000
475	350	0.215000
290	268	0.215000
98	460	0.185000
60	423	0.245000
137	207	0.550000
125	110	0.280000
579	283	0.215000
734	311	0.245000
548	220	0.280000
615	217	0.215000
437	233	0.550000
262	242	0.550000
646	419	0.450000
875	489	0.325000
921	174	0.550000
959	445	0.215000
670	217	0.280000
89	399	0.185000
60	468	0.125000
617	252	0.375000
993	464	0.185000
