# start_x	start_y	duration
373	145	0.215000
451	123	0.550000
526	144	0.550000
145	507	0.280000
151	375	0.600000
218	74	0.185000
390	244	0.550000
407	388	0.550000
90	398	0.090000
206	96	0.215000
79	303	0.375000
434	285	0.450000
306	101	0.450000
59	87	0.090000
59	384	0.375000
415	251	0.215000
150	386	0.550000
156	371	0.245000
87	391	0.550000
167	420	0.550000
42	548	0.550000
410	182	0.185000
645	259	0.215000
