# start_x	start_y	duration
400	204	0.280000
128	83	0.550000
148	83	0.550000
192	126	0.550000
301	93	0.245000
850	359	0.215000
787	305	0.125000
281	503	0.280000
453	165	0.125000
850	330	0.215000
825	152	0.550000
884	52	0.550000
982	397	0.245000
804	296	0.215000
915	209	0.550000
717	222	0.550000
407	289	0.125000
456	210	0.550000
384	190	0.325000
598	209	0.125000
612	259	0.125000
226	119	0.125000
176	464	0.215000
67	457	0.245000
423	489	0.185000
