# start_x	start_y	duration
189	87	0.245000
400	175	0.325000
95	74	0.375000
171	175	0.125000
28	74	0.215000
90	226	0.550000
439	148	0.125000
628	527	0.090000
653	223	0.600000
489	444	0.325000
718	407	0.245000
928	515	0.185000
939	486	0.550000
634	285	0.215000
637	296	0.090000
234	231	0.215000
440	91	0.185000
359	144	0.215000
125	436	0.125000
157	296	0.185000
