# start_x	start_y	duration
420	207	0.550000
31	127	0.215000
107	437	0.550000
59	385	0.280000
675	289	0.600000
631	261	0.550000
631	424	0.550000
759	333	0.215000
448	298	0.185000
162	367	0.185000
162	484	0.450000
253	164	0.325000
384	154	0.280000
107	117	0.185000
331	217	0.185000
206	95	0.550000
26	489	0.185000
93	401	0.215000
745	283	0.550000
759	239	0.185000
828	466	0.245000
748	342	0.325000
610	162	0.185000
742	213	0.600000
723	505	0.245000
139	481	0.375000
