# start_x	start_y	duration
346	83	0.185000
131	324	0.550000
71	371	0.325000
476	309	0.185000
823	421	0.125000
815	436	0.550000
917	412	0.185000
693	203	0.185000
746	85	0.185000
817	382	0.185000
220	384	0.090000
153	445	0.215000
107	458	0.280000
248	242	0.215000
14	93	0.280000
250	218	0.280000
446	402	0.450000
492	122	0.185000
110	381	0.550000
87	381	0.325000
112	403	0.450000
32	589	0.280000
73	490	0.215000
92	372	0.185000
496	372	0.450000
950	128	0.245000
475	233	0.125000
