# start_x	start_y	duration
453	259	0.215000
421	337	0.245000
240	192	0.185000
418	320	0.215000
157	270	0.125000
103	463	0.185000
79	402	0.245000
57	457	0.550000
154	397	0.245000
165	526	0.550000
145	375	0.280000
198	361	0.125000
87	539	0.215000
