# start_x	start_y	duration
442	223	0.185000
428	259	0.215000
54	110	0.185000
142	378	0.125000
431	115	0.185000
712	578	0.185000
867	365	0.215000
690	371	0.280000
707	253	0.185000
853	252	0.125000
690	257	0.185000
510	225	0.185000
143	390	0.450000
495	333	0.550000
176	402	0.185000
42	210	0.215000
610	231	0.185000
542	332	0.550000
104	338	0.125000
57	483	0.450000
432	333	0.600000
142	483	0.550000
232	477	0.280000
