# start_x	start_y	duration
517	319	0.245000
289	144	0.325000
410	136	0.215000
710	240	0.550000
896	408	0.550000
910	438	0.125000
960	390	0.550000
873	393	0.090000
970	425	0.125000
601	253	0.125000
210	122	0.185000
270	180	0.550000
478	401	0.215000
362	291	0.125000
190	233	0.245000
459	165	0.090000
512	242	0.550000
942	371	0.090000
748	256	0.185000
512	214	0.245000
714	100	0.185000
837	309	0.215000
