# start_x	start_y	duration
456	266	0.185000
243	95	0.185000
70	444	0.550000
84	473	0.185000
228	404	0.245000
542	537	0.450000
446	541	0.375000
212	359	0.325000
387	326	0.215000
243	511	0.245000
146	489	0.280000
54	488	0.450000
57	367	0.125000
371	136	0.280000
704	216	0.125000
321	386	0.125000
542	136	0.325000
710	270	0.215000
610	151	0.185000
98	57	0.215000
154	339	0.600000
660	243	0.550000
882	475	0.125000
