# start_x	start_y	duration
717	281	0.215000
410	131	0.125000
206	104	0.280000
114	62	0.245000
150	89	0.185000
462	152	0.245000
326	132	0.185000
190	101	0.185000
240	416	0.185000
96	518	0.185000
145	385	0.550000
271	485	0.125000
123	429	0.550000
229	144	0.550000
68	377	0.280000
98	438	0.125000
151	501	0.185000
1	386	0.550000
101	373	0.090000
235	175	0.280000
