# start_x	start_y	duration
506	347	0.215000
462	305	0.245000
646	276	0.325000
934	352	0.325000
742	315	0.375000
407	143	0.245000
373	125	0.125000
71	459	0.245000
81	402	0.245000
131	389	0.215000
176	82	0.185000
165	95	0.245000
496	114	0.215000
437	309	0.550000
