# start_x	start_y	duration
126	167	0.125000
454	304	0.375000
529	209	0.280000
735	209	0.215000
570	151	0.125000
245	100	0.550000
189	535	0.245000
285	106	0.450000
237	67	0.550000
35	52	0.550000
176	75	0.550000
339	88	0.215000
48	397	0.280000
78	432	0.185000
51	407	0.185000
442	272	0.185000
762	292	0.215000
948	483	0.090000
696	268	0.245000
782	403	0.550000
725	246	0.325000
398	248	0.185000
778	442	0.550000
614	188	0.245000
865	220	0.185000
954	253	0.185000
