# start_x	start_y	duration
660	283	0.215000
368	156	0.215000
660	419	0.185000
192	225	0.215000
134	375	0.280000
475	213	0.185000
395	334	0.550000
615	171	0.125000
218	326	0.185000
14	296	0.245000
21	502	0.185000
189	74	0.550000
375	283	0.245000
557	251	0.185000
678	230	0.185000
429	212	0.215000
400	225	0.550000
229	93	0.185000
226	153	0.215000
68	79	0.125000
32	97	0.550000
456	255	0.375000
731	78	0.550000
701	239	0.215000
