# start_x	start_y	duration
143	177	0.185000
135	143	0.185000
121	75	0.185000
57	415	0.550000
131	432	0.325000
14	404	0.245000
125	194	0.550000
285	401	0.090000
420	161	0.215000
560	212	0.280000
667	235	0.185000
714	522	0.185000
978	434	0.325000
629	252	0.125000
671	333	0.325000
639	276	0.215000
643	48	0.185000
460	88	0.550000
687	213	0.280000
812	167	0.125000
993	220	0.090000
643	261	0.280000
512	147	0.215000
732	434	0.280000
