# start_x	start_y	duration
223	92	0.550000
607	197	0.245000
751	225	0.125000
867	394	0.185000
779	415	0.215000
818	204	0.280000
287	483	0.550000
446	171	0.280000
196	285	0.550000
131	411	0.215000
153	453	0.550000
82	382	0.245000
92	388	0.185000
101	476	0.185000
392	334	0.125000
923	355	0.215000
756	281	0.550000
690	218	0.185000
940	183	0.090000
928	397	0.125000
646	239	0.325000
768	341	0.550000
514	286	0.125000
