# start_x	start_y	duration
528	389	0.215000
129	392	0.550000
189	65	0.125000
290	68	0.280000
817	161	0.325000
562	44	0.550000
560	176	0.245000
214	74	0.215000
526	184	0.215000
450	167	0.185000
245	164	0.185000
92	274	0.215000
426	32	0.325000
715	157	0.090000
