# start_x	start_y	duration
639	49	0.550000
857	663	0.550000
917	349	0.280000
575	175	0.185000
793	56	0.280000
935	129	0.185000
718	26	0.215000
646	646	0.450000
842	395	0.185000
571	200	0.185000
289	32	0.185000
396	144	0.185000
417	95	0.185000
804	273	0.245000
946	409	0.245000
921	289	0.125000
725	101	0.550000
384	184	0.550000
823	435	0.375000
