# start_x	start_y	duration
520	313	0.280000
214	5	0.185000
412	148	0.450000
479	31	0.215000
148	129	0.185000
848	98	0.185000
668	243	0.550000
967	194	0.215000
918	375	0.450000
560	154	0.185000
950	445	0.245000
898	519	0.185000
414	335	0.215000
156	472	0.550000
215	707	0.185000
226	398	0.550000
300	623	0.325000
