# start_x	start_y	duration
434	256	0.215000
428	63	0.375000
290	37	0.325000
234	95	0.325000
314	47	0.215000
256	102	0.550000
12	99	0.245000
467	170	0.280000
579	170	0.185000
101	233	0.550000
625	69	0.185000
964	362	0.550000
657	144	0.090000
892	448	0.215000
931	329	0.125000
932	138	0.185000
629	407	0.325000
554	105	0.125000
360	222	0.550000
471	136	0.245000
371	65	0.125000
581	202	0.550000
848	176	0.215000
