# start_x	start_y	duration
701	256	0.125000
670	228	0.215000
154	56	0.245000
218	447	0.185000
162	216	0.125000
237	57	0.125000
107	92	0.185000
81	41	0.450000
59	322	0.450000
287	346	0.185000
75	89	0.215000
154	450	0.280000
504	178	0.325000
456	178	0.245000
814	390	0.280000
528	132	0.245000
737	228	0.550000
768	176	0.125000
956	304	0.185000
831	112	0.550000
737	647	0.550000
992	300	0.550000
