# start_x	start_y	duration
543	173	0.550000
578	57	0.245000
687	49	0.245000
689	80	0.215000
753	77	0.125000
565	69	0.185000
743	37	0.600000
928	444	0.450000
956	594	0.375000
887	298	0.215000
915	123	0.325000
360	362	0.125000
621	109	0.215000
509	95	0.245000
292	92	0.325000
782	56	0.375000
914	323	0.550000
968	365	0.185000
220	288	0.185000
339	589	0.550000
137	485	0.245000
142	638	0.185000
378	516	0.550000
303	271	0.550000
