# start_x	start_y	duration
125	47	0.550000
28	662	0.185000
45	81	0.185000
190	63	0.325000
529	68	0.375000
375	175	0.550000
418	175	0.090000
309	41	0.125000
476	190	0.185000
443	371	0.325000
196	145	0.550000
128	304	0.125000
257	75	0.185000
143	402	0.550000
201	646	0.325000
95	77	0.215000
565	130	0.325000
620	289	0.125000
320	696	0.550000
