# start_x	start_y	duration
473	341	0.215000
453	242	0.125000
131	96	0.185000
193	78	0.550000
178	31	0.215000
171	86	0.215000
376	69	0.450000
276	427	0.550000
681	408	0.550000
145	89	0.215000
134	80	0.185000
318	105	0.125000
504	86	0.550000
526	188	0.185000
687	96	0.550000
85	108	0.325000
289	29	0.185000
492	101	0.550000
489	256	0.550000
871	83	0.600000
990	191	0.245000
685	366	0.125000
409	308	0.550000
862	288	0.215000
