# start_x	start_y	duration
334	51	0.550000
375	56	0.185000
218	328	0.185000
356	103	0.550000
217	54	0.325000
121	210	0.215000
162	22	0.215000
254	314	0.550000
231	57	0.245000
10	86	0.185000
89	22	0.280000
195	326	0.550000
250	353	0.185000
215	368	0.280000
754	99	0.450000
414	218	0.215000
67	625	0.215000
225	542	0.550000
168	359	0.125000
87	90	0.280000
501	163	0.125000
303	340	0.090000
