# start_x	start_y	duration
195	231	0.090000
426	93	0.550000
368	50	0.550000
670	65	0.125000
637	558	0.600000
400	63	0.185000
573	121	0.375000
264	59	0.215000
257	148	0.375000
179	72	0.550000
553	181	0.280000
403	179	0.280000
857	139	0.215000
537	176	0.245000
315	98	0.185000
448	576	0.325000
875	328	0.185000
923	310	0.215000
826	350	0.215000
857	202	0.215000
681	371	0.185000
207	389	0.550000
235	524	0.125000
354	456	0.550000
