# start_x	start_y	duration
479	213	0.245000
490	57	0.550000
340	83	0.325000
420	609	0.185000
490	396	0.185000
925	297	0.125000
734	399	0.550000
328	349	0.550000
585	193	0.450000
534	188	0.215000
695	426	0.245000
770	151	0.375000
760	59	0.450000
973	323	0.125000
793	289	0.550000
945	423	0.125000
870	463	0.215000
875	86	0.185000
389	236	0.550000
