# start_x	start_y	duration
693	68	0.550000
131	62	0.245000
560	172	0.185000
842	236	0.215000
595	56	0.215000
332	50	0.325000
482	77	0.185000
664	47	0.125000
542	47	0.215000
706	280	0.125000
804	454	0.550000
843	22	0.090000
554	280	0.280000
178	184	0.550000
234	163	0.325000
512	62	0.600000
551	187	0.550000
648	225	0.215000
975	80	0.245000
789	392	0.185000
970	372	0.125000
743	69	0.550000
703	221	0.245000
353	690	0.550000
570	418	0.185000
540	167	0.125000
468	248	0.325000
187	494	0.185000
