# start_x	start_y	duration
710	26	0.125000
571	139	0.215000
490	69	0.550000
154	57	0.215000
265	83	0.245000
292	80	0.550000
775	643	0.125000
554	301	0.185000
900	301	0.215000
656	436	0.325000
553	166	0.550000
151	407	0.550000
148	204	0.125000
554	335	0.550000
987	203	0.325000
895	458	0.215000
803	653	0.550000
237	258	0.550000
428	98	0.185000
346	350	0.550000
598	245	0.125000
795	470	0.550000
928	314	0.550000
546	164	0.090000
239	276	0.550000
