# start_x	start_y	duration
542	83	0.550000
803	37	0.185000
678	41	0.245000
771	60	0.185000
410	71	0.550000
485	72	0.215000
918	259	0.325000
557	173	0.325000
776	362	0.550000
817	574	0.215000
503	613	0.245000
498	172	0.325000
814	298	0.550000
945	335	0.215000
917	280	0.280000
