# start_x	start_y	duration
512	337	0.375000
693	32	0.450000
643	166	0.280000
587	80	0.185000
429	26	0.125000
500	47	0.090000
548	221	0.550000
12	98	0.185000
498	133	0.280000
906	261	0.550000
446	87	0.325000
6	83	0.125000
385	176	0.325000
284	562	0.550000
335	560	0.125000
257	356	0.550000
440	178	0.215000
370	81	0.550000
287	62	0.215000
550	200	0.215000
993	161	0.185000
712	46	0.550000
450	248	0.215000
548	151	0.245000
354	320	0.550000
175	574	0.550000
654	56	0.280000
