# start_x	start_y	duration
101	65	0.185000
248	71	0.125000
534	167	0.185000
145	328	0.185000
135	72	0.550000
218	53	0.280000
412	69	0.090000
573	86	0.550000
754	417	0.280000
926	328	0.550000
556	179	0.550000
881	433	0.185000
801	307	0.550000
856	256	0.550000
800	451	0.550000
968	325	0.125000
628	398	0.185000
532	31	0.550000
506	173	0.550000
464	80	0.125000
