# start_x	start_y	duration
106	148	0.450000
503	34	0.215000
367	54	0.185000
473	66	0.550000
518	133	0.550000
415	314	0.550000
621	86	0.375000
785	95	0.185000
554	404	0.215000
628	194	0.245000
479	185	0.245000
181	704	0.185000
403	93	0.280000
34	155	0.215000
284	251	0.550000
843	289	0.215000
651	329	0.215000
848	381	0.125000
864	92	0.325000
