# start_x	start_y	duration
787	90	0.245000
235	62	0.090000
693	46	0.375000
723	83	0.280000
626	31	0.375000
415	57	0.550000
90	71	0.125000
404	78	0.600000
200	172	0.185000
457	60	0.325000
98	614	0.550000
985	580	0.325000
275	711	0.215000
510	414	0.245000
428	46	0.185000
637	210	0.550000
164	181	0.375000
110	372	0.215000
632	175	0.450000
528	427	0.185000
520	510	0.125000
645	301	0.125000
715	353	0.215000
981	317	0.125000
