# start_x	start_y	duration
917	297	0.600000
353	65	0.280000
435	219	0.375000
610	57	0.125000
381	59	0.245000
10	597	0.125000
548	98	0.125000
885	497	0.550000
656	291	0.325000
790	347	0.550000
954	420	0.215000
770	402	0.185000
812	84	0.550000
726	362	0.185000
510	355	0.215000
598	194	0.245000
385	66	0.325000
