# start_x	start_y	duration
142	325	0.185000
537	291	0.245000
595	353	0.550000
676	57	0.215000
310	65	0.215000
734	41	0.550000
496	163	0.185000
479	103	0.215000
426	115	0.600000
740	96	0.185000
957	60	0.550000
465	112	0.550000
846	408	0.550000
668	308	0.090000
459	185	0.245000
264	133	0.550000
423	152	0.245000
493	78	0.245000
459	328	0.550000
642	89	0.600000
646	29	0.280000
626	150	0.215000
693	133	0.450000
475	173	0.375000
