# start_x	start_y	duration
285	260	0.215000
183	575	0.325000
145	4	0.215000
285	87	0.245000
356	195	0.375000
223	81	0.550000
256	264	0.125000
350	408	0.125000
233	579	0.245000
315	39	0.090000
394	45	0.550000
212	341	0.450000
380	285	0.325000
427	487	0.245000
383	191	0.185000
401	364	0.125000
513	964	0.125000
441	483	0.215000
362	597	0.125000
464	495	0.550000
450	406	0.185000
