# start_x	start_y	duration
280	177	0.245000
343	627	0.215000
357	425	0.280000
212	60	0.550000
395	212	0.325000
181	675	0.185000
339	872	0.245000
477	493	0.215000
306	64	0.600000
294	43	0.325000
226	43	0.215000
213	327	0.185000
349	193	0.185000
266	125	0.550000
350	25	0.185000
195	54	0.550000
234	235	0.280000
234	137	0.125000
249	25	0.245000
267	129	0.550000
293	150	0.550000
205	318	0.600000
213	320	0.215000
