# start_x	start_y	duration
478	489	0.215000
352	381	0.125000
354	904	0.185000
444	677	0.245000
357	195	0.245000
434	527	0.550000
358	612	0.185000
284	641	0.325000
356	835	0.280000
280	233	0.185000
454	539	0.125000
486	508	0.185000
506	847	0.325000
200	541	0.550000
495	943	0.185000
362	16	0.125000
274	943	0.125000
183	352	0.125000
158	31	0.215000
270	35	0.245000
248	350	0.185000
347	283	0.215000
393	468	0.550000
308	239	0.185000
258	35	0.325000
229	100	0.550000
