# start_x	start_y	duration
247	231	0.550000
201	454	0.125000
213	122	0.325000
270	222	0.185000
258	39	0.185000
316	60	0.550000
229	50	0.245000
391	383	0.450000
378	216	0.215000
213	16	0.550000
225	241	0.325000
511	537	0.215000
449	545	0.245000
466	885	0.375000
166	668	0.185000
388	406	0.550000
429	829	0.280000
392	462	0.215000
443	393	0.185000
432	404	0.325000
339	37	0.280000
280	360	0.215000
294	258	0.550000
183	272	0.245000
224	372	0.215000
