# start_x	start_y	duration
362	804	0.280000
197	25	0.550000
169	62	0.375000
238	62	0.185000
284	285	0.185000
161	104	0.125000
201	66	0.245000
371	395	0.185000
314	64	0.185000
434	316	0.125000
333	358	0.245000
472	604	0.185000
490	633	0.245000
364	668	0.125000
209	654	0.450000
437	437	0.280000
235	33	0.550000
275	241	0.550000
374	37	0.185000
248	445	0.125000
452	539	0.600000
