# start_x	start_y	duration
249	10	0.550000
183	568	0.280000
453	350	0.245000
456	447	0.550000
466	325	0.550000
403	443	0.185000
222	281	0.280000
406	43	0.185000
241	43	0.185000
202	356	0.600000
236	143	0.185000
329	410	0.185000
242	347	0.125000
428	408	0.185000
368	81	0.215000
482	397	0.125000
448	556	0.245000
482	87	0.325000
353	20	0.550000
443	427	0.125000
450	450	0.850000
391	154	0.550000
350	164	0.125000
320	122	0.245000
346	258	0.125000
337	200	0.090000
307	654	0.325000
194	58	0.550000
