# start_x	start_y	duration
342	18	0.550000
486	254	0.185000
384	510	0.125000
325	697	0.245000
211	35	0.125000
325	41	0.215000
242	864	0.280000
341	943	0.215000
237	454	0.125000
191	245	0.245000
226	20	0.245000
339	18	0.185000
394	414	0.280000
362	514	0.125000
413	460	0.280000
400	472	0.245000
172	843	0.245000
207	508	0.125000
243	277	0.550000
208	316	0.550000
270	554	0.325000
260	458	0.375000
339	479	0.185000
