# start_x	start_y	duration
249	458	0.125000
369	370	0.550000
364	162	0.550000
179	139	0.550000
250	120	0.185000
460	445	0.185000
358	395	0.375000
392	483	0.850000
368	400	0.375000
307	6	0.280000
212	52	0.185000
229	12	0.125000
208	756	0.125000
235	552	0.185000
186	612	0.550000
190	825	0.280000
511	960	0.125000
351	827	0.090000
215	793	0.185000
234	597	0.550000
456	418	0.245000
272	614	0.245000
187	389	0.450000
