# start_x	start_y	duration
266	18	0.185000
201	54	0.185000
215	56	0.185000
278	35	0.600000
356	289	0.550000
320	620	0.550000
362	345	0.215000
178	156	0.325000
291	160	0.125000
213	10	0.280000
259	814	0.125000
238	47	0.185000
203	695	0.550000
486	485	0.125000
460	433	0.090000
213	593	0.215000
219	958	0.185000
179	722	0.090000
202	531	0.550000
286	439	0.215000
318	179	0.125000
244	108	0.185000
363	491	0.215000
181	666	0.215000
497	695	0.090000
484	29	0.125000
