# start_x	start_y	duration
321	441	0.550000
316	18	0.550000
245	6	0.185000
429	233	0.125000
317	45	0.550000
447	560	0.215000
308	525	0.185000
340	660	0.185000
430	516	0.215000
368	489	0.125000
242	725	0.450000
382	395	0.550000
498	566	0.550000
218	666	0.185000
194	800	0.280000
287	58	0.550000
313	370	0.125000
451	472	0.245000
392	233	0.215000
