# start_x	start_y	duration
354	425	0.185000
355	447	0.125000
487	141	0.550000
452	362	0.550000
320	58	0.550000
383	114	0.185000
349	387	0.215000
218	602	0.325000
341	525	0.280000
318	177	0.245000
394	181	0.125000
304	43	0.245000
263	168	0.185000
340	625	0.550000
329	414	0.185000
206	443	0.280000
215	470	0.280000
217	545	0.325000
310	150	0.550000
255	47	0.185000
331	14	0.215000
344	18	0.125000
