# start_x	start_y	duration
208	77	0.280000
320	56	0.245000
313	204	0.280000
383	477	0.125000
272	108	0.125000
247	562	0.450000
282	37	0.280000
416	372	0.245000
332	60	0.450000
182	408	0.185000
206	568	0.245000
285	543	0.280000
316	247	0.215000
311	150	0.125000
209	208	0.450000
232	825	0.245000
270	483	0.245000
430	529	0.215000
295	404	0.125000
275	247	0.550000
394	318	0.600000
229	510	0.125000
472	485	0.125000
226	691	0.550000
303	562	0.550000
364	304	0.185000
