# start_x	start_y	duration
334	341	0.185000
332	31	0.550000
188	27	0.215000
250	89	0.450000
253	41	0.245000
198	406	0.325000
182	581	0.550000
509	879	0.125000
420	237	0.090000
275	31	0.550000
311	220	0.375000
290	531	0.245000
237	479	0.450000
497	466	0.125000
390	227	0.215000
464	372	0.325000
379	0	0.280000
311	247	0.215000
353	18	0.245000
308	79	0.550000
299	43	0.245000
295	477	0.125000
289	350	0.325000
370	547	0.185000
471	881	0.375000
