# start_x	start_y	duration
304	612	0.185000
227	352	0.125000
435	897	0.245000
431	529	0.280000
357	235	0.550000
413	331	0.185000
386	345	0.215000
182	345	0.125000
331	229	0.245000
250	208	0.550000
233	264	0.325000
381	700	0.550000
316	54	0.215000
314	222	0.215000
389	341	0.550000
311	245	0.125000
203	245	0.215000
326	404	0.185000
370	41	0.215000
426	25	0.215000
231	350	0.125000
275	562	0.185000
344	645	0.245000
