# start_x	start_y	duration
356	485	0.550000
326	564	0.185000
375	137	0.215000
194	77	0.550000
202	0	0.550000
418	75	0.125000
330	616	0.245000
183	610	0.325000
377	316	0.185000
452	433	0.550000
441	389	0.185000
478	287	0.550000
206	552	0.185000
