# start_x	start_y	duration
372	37	0.550000
370	391	0.550000
366	493	0.325000
225	810	0.215000
308	668	0.125000
329	495	0.550000
360	464	0.550000
366	293	0.550000
429	145	0.550000
410	377	0.185000
476	410	0.125000
389	354	0.090000
327	187	0.215000
280	158	0.125000
244	43	0.450000
281	47	0.215000
339	308	0.550000
311	362	0.550000
497	458	0.090000
370	210	0.090000
260	318	0.550000
282	16	0.215000
408	410	0.550000
