# start_x	start_y	duration
217	114	0.280000
492	391	0.375000
217	543	0.185000
356	393	0.600000
388	187	0.280000
512	512	0.090000
506	347	0.375000
356	39	0.280000
304	202	0.550000
412	0	0.375000
349	272	0.280000
287	33	0.245000
354	868	0.600000
369	920	0.090000
365	604	0.375000
436	439	0.125000
277	114	0.550000
257	477	0.125000
420	112	0.280000
399	504	0.215000
236	983	0.185000
327	220	0.245000
340	93	0.185000
441	370	0.280000
467	300	0.185000
