# start_x	start_y	duration
331	458	0.125000
344	537	0.185000
232	385	0.125000
341	272	0.550000
188	170	0.215000
313	35	0.280000
214	95	0.245000
211	104	0.215000
349	175	0.550000
376	354	0.185000
379	314	0.125000
382	575	0.550000
263	50	0.215000
308	214	0.550000
296	216	0.245000
218	387	0.185000
236	416	0.185000
243	389	0.550000
366	256	0.215000
396	175	0.185000
234	318	0.215000
219	72	0.125000
