# start_x	start_y	duration
303	345	0.245000
248	506	0.185000
274	908	0.215000
414	650	0.280000
456	489	0.280000
245	604	0.245000
315	279	0.215000
414	335	0.450000
460	889	0.185000
206	35	0.125000
178	189	0.550000
215	675	0.325000
442	972	0.185000
494	445	0.600000
470	420	0.325000
416	389	0.215000
250	33	0.125000
258	358	0.550000
215	158	0.215000
219	614	0.215000
400	639	0.325000
293	550	0.185000
246	429	0.245000
241	37	0.325000
229	237	0.125000
322	129	0.185000
