# start_x	start_y	duration
211	462	0.550000
219	445	0.325000
195	25	0.185000
473	337	0.600000
352	2	0.325000
416	562	0.125000
234	802	0.550000
465	556	0.325000
177	37	0.185000
181	2	0.215000
258	512	0.245000
371	695	0.185000
366	379	0.550000
441	212	0.090000
329	187	0.550000
388	245	0.245000
319	229	0.090000
378	275	0.185000
231	356	0.245000
199	31	0.550000
211	60	0.245000
357	270	0.215000
