# start_x	start_y	duration
571	299	0.215000
437	240	0.280000
517	228	0.550000
425	290	0.450000
159	241	0.125000
146	92	0.185000
206	260	0.325000
459	186	0.090000
53	265	0.550000
90	123	0.550000
114	209	0.125000
264	248	0.600000
832	403	0.185000
853	320	0.375000
507	324	0.215000
814	251	0.550000
551	252	0.450000
531	399	0.185000
704	276	0.125000
939	378	0.185000
925	216	0.185000
821	293	0.185000
971	154	0.185000
