# start_x	start_y	duration
546	323	0.280000
109	197	0.215000
184	279	0.550000
531	387	0.185000
909	330	0.185000
920	433	0.185000
985	209	0.185000
942	267	0.185000
840	301	0.090000
773	333	0.215000
606	219	0.550000
943	330	0.125000
896	172	0.185000
529	433	0.215000
493	370	0.245000
326	445	0.185000
71	218	0.550000
351	171	0.325000
146	246	0.185000
437	234	0.215000
9	370	0.450000
70	239	0.280000
229	129	0.550000
