# start_x	start_y	duration
162	120	0.550000
184	221	0.550000
118	211	0.125000
146	84	0.550000
209	71	0.215000
143	308	0.125000
168	190	0.550000
76	124	0.550000
140	243	0.185000
40	287	0.125000
118	161	0.215000
339	231	0.245000
268	123	0.125000
320	140	0.550000
503	285	0.450000
592	342	0.450000
192	372	0.125000
190	208	0.550000
957	150	0.375000
734	392	0.450000
