# start_x	start_y	duration
275	268	0.550000
189	280	0.280000
157	206	0.090000
120	107	0.215000
365	200	0.125000
142	102	0.325000
217	129	0.325000
356	172	0.850000
351	131	0.280000
92	118	0.245000
262	233	0.325000
95	227	0.245000
162	192	0.550000
48	200	0.090000
139	241	0.215000
165	201	0.185000
167	299	0.125000
328	130	0.125000
50	220	1.250000
226	207	0.280000
287	361	0.125000
120	239	0.185000
81	141	0.375000
278	106	0.185000
150	111	0.185000
