# start_x	start_y	duration
239	129	0.600000
203	99	0.550000
115	100	0.280000
110	146	0.550000
90	213	0.245000
334	384	0.280000
292	326	0.550000
54	329	0.280000
293	368	0.185000
190	224	0.185000
110	265	0.185000
142	269	0.245000
420	457	0.550000
964	375	0.245000
973	266	0.185000
959	362	0.185000
989	296	0.245000
848	391	0.125000
756	458	0.090000
878	396	0.280000
904	173	0.185000
964	205	0.185000
917	285	0.185000
