# start_x	start_y	duration
103	185	0.550000
103	117	0.245000
120	261	0.125000
46	92	0.280000
178	273	0.450000
200	285	0.215000
115	259	0.325000
18	309	0.215000
117	192	0.550000
81	267	0.090000
196	221	0.550000
170	228	0.215000
160	160	0.550000
67	401	0.215000
64	211	0.325000
257	159	0.280000
168	136	0.215000
606	220	0.185000
220	204	0.215000
