# start_x	start_y	duration
614	329	0.125000
550	372	0.125000
126	161	0.450000
457	329	0.245000
165	245	0.550000
150	274	0.550000
126	180	0.185000
234	118	0.215000
275	141	0.125000
135	242	0.185000
123	91	0.215000
231	174	0.325000
121	232	0.550000
160	99	0.185000
473	144	0.185000
75	194	0.245000
79	258	0.375000
