# start_x	start_y	duration
556	235	0.125000
498	293	0.280000
704	338	0.215000
968	425	0.325000
906	370	0.215000
984	226	0.185000
951	234	0.215000
800	385	0.280000
876	161	0.215000
929	421	0.125000
712	158	0.185000
221	192	0.550000
175	231	0.550000
167	281	0.550000
50	302	0.125000
370	231	0.185000
476	349	0.280000
131	265	0.215000
193	243	0.600000
28	85	0.215000
6	111	0.215000
