# start_x	start_y	duration
92	248	0.215000
121	251	0.325000
75	199	0.550000
87	126	0.325000
189	231	0.280000
329	408	0.450000
456	267	0.185000
110	431	0.125000
240	316	0.125000
226	253	0.375000
273	190	0.215000
171	201	0.215000
215	158	0.550000
235	233	0.550000
206	228	0.215000
131	221	0.550000
717	322	0.125000
223	226	0.245000
50	134	0.550000
192	248	0.185000
151	220	0.215000
76	275	0.550000
93	170	0.185000
