# start_x	start_y	duration
482	137	0.245000
92	107	0.325000
82	86	0.375000
160	91	0.280000
146	113	0.215000
85	106	0.125000
195	248	0.185000
559	367	0.550000
184	227	0.280000
184	202	0.550000
81	133	0.280000
106	133	0.125000
121	117	0.375000
642	343	0.185000
990	430	0.600000
937	444	0.245000
893	353	0.125000
890	428	0.185000
990	254	0.245000
757	283	0.550000
