# start_x	start_y	duration
343	349	0.090000
535	314	0.550000
93	216	0.450000
190	253	0.215000
334	428	0.185000
132	251	0.245000
110	175	0.325000
145	118	0.185000
203	253	0.215000
157	119	0.245000
132	241	0.550000
679	365	0.215000
709	322	0.550000
882	232	0.245000
810	174	0.125000
126	233	0.550000
114	91	0.245000
193	235	0.450000
78	206	0.280000
76	279	0.550000
178	119	0.185000
