# start_x	start_y	duration
551	340	0.215000
150	121	0.550000
210	184	0.245000
93	241	0.245000
103	185	0.215000
214	252	0.550000
234	233	0.550000
135	285	0.125000
503	457	0.215000
431	198	0.280000
834	326	0.375000
465	361	0.550000
723	319	0.185000
995	300	0.185000
923	117	0.325000
414	164	0.185000
660	192	0.185000
767	444	0.280000
554	354	0.280000
228	131	0.215000
134	239	0.215000
