# start_x	start_y	duration
257	445	0.375000
443	351	0.185000
271	340	0.550000
532	353	0.245000
109	259	0.600000
67	57	0.550000
98	402	0.325000
82	187	0.185000
226	121	0.245000
100	185	0.550000
20	126	0.245000
246	251	0.185000
146	195	0.325000
65	293	0.850000
79	192	0.215000
46	195	0.375000
71	130	0.550000
129	186	0.550000
171	79	0.125000
40	114	0.185000
23	97	0.125000
