# start_x	start_y	duration
137	226	0.280000
443	233	0.125000
973	191	0.450000
917	89	0.185000
778	288	0.550000
914	208	0.185000
956	308	0.185000
775	243	0.550000
951	202	0.185000
907	186	0.185000
503	260	0.450000
217	224	0.550000
157	96	0.185000
179	193	0.325000
117	255	0.550000
270	260	0.185000
57	179	0.185000
126	168	0.550000
267	262	0.280000
557	463	0.280000
201	362	0.090000
85	139	0.125000
90	255	0.325000
554	331	0.375000
482	243	0.215000
903	102	0.185000
