# start_x	start_y	duration
782	211	0.550000
973	341	0.550000
654	452	0.280000
82	204	0.185000
114	231	0.550000
107	243	0.245000
431	202	0.215000
192	110	0.125000
117	233	0.375000
167	256	0.090000
112	280	0.600000
153	272	0.125000
178	120	0.550000
275	127	0.325000
882	361	0.185000
948	377	0.185000
567	259	0.215000
606	337	0.280000
37	231	0.185000
96	293	0.550000
382	317	0.185000
214	401	0.325000
179	118	0.245000
