# start_x	start_y	duration
70	240	0.550000
123	205	0.185000
271	141	0.280000
98	208	0.185000
235	202	0.550000
109	103	0.550000
281	338	0.280000
376	388	0.600000
171	269	0.280000
371	116	0.280000
270	331	0.550000
92	239	0.245000
89	97	0.125000
125	272	0.280000
446	225	0.215000
431	407	0.125000
976	265	0.245000
979	338	0.550000
743	241	0.550000
934	205	0.125000
601	405	0.215000
939	228	0.245000
809	370	0.245000
606	358	0.090000
832	301	0.550000
