# start_x	start_y	duration
575	280	0.185000
946	279	0.550000
957	306	0.125000
826	425	0.245000
634	247	0.550000
164	129	0.215000
150	207	0.125000
320	92	0.280000
223	202	0.090000
162	234	0.280000
376	315	0.245000
93	84	0.450000
164	283	0.185000
159	197	0.550000
150	242	0.215000
212	222	0.125000
65	281	0.185000
89	113	0.185000
53	355	0.245000
170	91	0.185000
101	290	0.125000
215	109	0.215000
