# start_x	start_y	duration
123	167	0.550000
300	132	0.185000
39	110	0.185000
123	112	0.215000
67	204	0.280000
254	212	0.550000
125	267	0.550000
76	119	0.550000
50	163	0.185000
117	214	0.125000
251	112	0.125000
151	136	0.550000
240	269	0.325000
120	267	0.550000
437	226	0.450000
179	239	0.185000
623	247	0.245000
487	333	0.600000
559	389	0.280000
