# start_x	start_y	duration
214	219	0.090000
178	202	0.185000
98	177	0.215000
92	123	0.125000
209	226	0.375000
64	133	0.215000
134	199	0.215000
145	123	0.185000
132	104	0.550000
103	151	0.185000
228	288	0.125000
100	121	0.185000
100	118	0.850000
259	387	0.185000
337	146	0.550000
293	111	0.280000
60	267	0.185000
64	141	0.280000
245	197	0.185000
115	106	0.215000
223	277	0.245000
254	119	0.550000
410	405	0.125000
