# start_x	start_y	duration
643	107	0.215000
898	282	0.550000
651	338	0.325000
737	184	0.185000
971	402	0.245000
918	424	0.245000
917	436	0.215000
693	418	0.600000
226	259	0.125000
518	226	0.215000
337	279	0.185000
826	375	0.215000
932	470	0.125000
940	296	0.550000
812	177	0.185000
951	354	0.280000
862	328	0.215000
815	213	0.550000
79	272	0.550000
64	228	0.185000
95	174	0.245000
56	174	0.245000
32	243	0.125000
173	113	0.125000
129	252	0.185000
240	133	0.215000
239	212	0.185000
148	184	0.375000
