# start_x	start_y	duration
463	752	0.550000
363	631	0.245000
292	2	0.550000
323	127	0.090000
646	54	0.550000
573	664	0.450000
400	229	0.245000
275	210	0.090000
314	368	0.245000
732	925	0.185000
705	43	0.550000
499	79	0.550000
282	304	0.215000
378	333	0.280000
368	420	0.600000
156	335	0.185000
283	566	0.600000
285	212	0.550000
488	525	0.245000
676	562	0.850000
733	706	0.325000
716	814	0.215000
523	497	0.550000
679	468	0.125000
698	362	0.125000
500	431	0.125000
