# start_x	start_y	duration
451	429	0.375000
349	816	0.185000
489	181	0.550000
429	200	0.090000
591	87	0.215000
333	247	0.550000
618	12	0.550000
690	27	0.600000
666	256	0.215000
699	33	0.215000
512	497	0.185000
417	372	0.185000
505	414	0.550000
627	212	0.550000
523	164	0.215000
522	252	0.280000
669	16	0.185000
707	45	0.185000
454	372	0.550000
