# start_x	start_y	duration
459	447	0.375000
594	56	0.550000
700	95	0.600000
537	133	0.450000
706	902	0.550000
424	883	0.125000
649	385	0.245000
597	383	0.125000
766	708	0.215000
600	564	0.600000
648	629	0.550000
522	4	0.185000
442	364	0.280000
622	175	0.280000
