# start_x	start_y	duration
261	260	0.185000
432	379	0.280000
305	85	0.245000
344	170	0.215000
432	154	0.245000
663	541	0.185000
568	566	0.185000
201	527	0.215000
472	906	0.125000
326	762	0.125000
621	264	0.550000
248	297	0.325000
364	189	0.185000
266	458	0.450000
378	764	0.125000
316	583	0.215000
383	85	0.215000
425	137	0.215000
395	306	0.185000
205	260	0.280000
384	897	0.215000
201	485	0.215000
209	768	0.185000
309	491	0.125000
466	708	0.550000
624	681	0.125000
