# start_x	start_y	duration
401	170	0.550000
221	31	0.215000
499	187	0.185000
483	181	0.185000
532	150	0.185000
683	39	0.125000
665	77	0.280000
611	297	0.325000
278	283	0.215000
659	39	0.600000
347	529	0.185000
681	722	0.125000
490	158	0.550000
695	179	0.325000
510	358	0.280000
685	770	0.280000
258	870	0.245000
322	889	0.280000
278	287	0.245000
232	18	0.550000
