# start_x	start_y	duration
425	475	0.185000
436	520	0.215000
340	745	0.215000
414	735	0.450000
726	31	0.125000
695	333	0.125000
740	100	0.125000
438	95	0.325000
519	539	0.125000
384	175	0.325000
529	477	0.550000
615	289	0.600000
384	272	0.185000
356	172	0.125000
415	125	0.185000
320	368	0.185000
732	322	0.550000
466	406	0.550000
700	35	0.550000
618	235	0.185000
590	272	0.550000
663	222	0.185000
