# start_x	start_y	duration
421	481	0.280000
275	477	0.280000
497	172	0.185000
282	112	0.090000
241	250	0.550000
619	100	0.245000
747	56	0.325000
540	625	0.185000
610	116	0.450000
317	56	0.550000
309	116	0.245000
235	352	0.600000
455	879	0.185000
703	597	0.215000
496	175	0.185000
678	208	0.215000
710	58	0.125000
434	177	0.125000
699	329	0.550000
478	516	0.375000
629	541	0.280000
265	608	0.325000
