# start_x	start_y	duration
384	439	0.245000
410	575	0.185000
469	191	0.125000
685	170	0.245000
661	247	0.280000
513	366	0.125000
384	158	0.550000
252	281	0.185000
407	327	0.185000
414	512	0.125000
509	500	0.185000
526	706	0.550000
463	352	0.550000
678	47	0.550000
526	133	0.450000
561	475	0.245000
462	162	0.185000
442	220	0.245000
363	137	0.185000
401	133	0.325000
530	522	0.215000
