# start_x	start_y	duration
454	270	0.245000
452	431	0.185000
705	500	0.325000
737	35	0.325000
663	147	0.185000
357	150	0.185000
551	50	0.550000
634	318	0.215000
580	108	0.215000
686	312	0.245000
702	268	0.550000
641	279	0.185000
614	275	0.375000
621	33	0.125000
340	395	0.125000
401	395	0.215000
516	314	0.280000
737	77	0.215000
