# start_x	start_y	duration
451	404	0.125000
662	27	0.550000
654	127	0.185000
412	260	0.185000
705	247	0.550000
529	622	0.090000
641	358	0.125000
468	414	0.185000
744	785	0.185000
615	541	0.185000
385	554	0.600000
577	818	0.550000
395	204	0.125000
510	262	0.280000
520	383	0.185000
584	560	0.125000
418	437	0.245000
463	306	0.125000
265	85	0.185000
