# start_x	start_y	duration
455	412	0.245000
404	518	0.125000
364	185	0.550000
523	20	0.325000
648	120	0.550000
634	160	0.550000
686	470	0.215000
380	89	0.215000
649	79	0.245000
442	293	0.450000
669	504	0.550000
707	402	0.550000
622	245	0.185000
385	210	0.550000
502	189	0.600000
627	143	0.550000
188	425	0.450000
163	687	0.280000
383	841	0.215000
700	664	0.215000
502	702	0.550000
692	116	0.215000
617	402	0.125000
679	14	0.280000
688	108	0.215000
584	262	0.215000
507	310	0.325000
222	681	0.185000
