# start_x	start_y	duration
486	456	0.450000
286	272	0.185000
398	683	0.185000
293	56	0.215000
144	283	0.125000
405	206	0.185000
442	608	0.550000
610	252	0.450000
658	243	0.245000
549	604	0.600000
706	47	0.215000
244	672	0.090000
600	668	0.245000
566	100	0.185000
591	87	0.185000
658	400	0.185000
459	716	0.245000
629	289	0.245000
621	275	0.550000
685	85	0.550000
578	108	0.125000
551	427	0.215000
490	10	0.215000
512	304	0.185000
624	175	0.185000
696	185	0.450000
485	285	0.185000
