# start_x	start_y	duration
331	497	0.280000
490	433	0.125000
436	152	0.185000
296	279	0.450000
299	31	0.185000
482	150	0.550000
543	170	0.185000
505	166	0.550000
452	568	0.125000
593	595	0.215000
617	735	0.280000
465	383	0.215000
567	452	0.215000
624	310	0.185000
549	47	0.215000
442	4	0.185000
407	102	0.550000
419	554	0.215000
422	160	0.185000
183	575	0.325000
