# start_x	start_y	duration
456	391	0.090000
357	93	0.215000
444	102	0.375000
611	145	0.090000
524	137	0.375000
350	100	0.375000
302	131	0.215000
469	568	0.550000
648	152	0.325000
546	352	0.280000
249	814	0.185000
295	443	0.125000
558	166	0.280000
629	368	0.280000
716	185	0.215000
676	287	0.215000
675	325	0.550000
734	425	0.375000
578	862	0.550000
344	406	0.325000
