# start_x	start_y	duration
441	495	0.090000
415	860	0.550000
289	722	0.550000
295	495	0.125000
163	166	0.450000
322	39	0.125000
567	64	0.550000
529	160	0.125000
171	485	0.125000
262	387	0.215000
404	316	0.550000
593	262	0.550000
419	595	0.125000
493	839	0.245000
662	529	0.185000
424	550	0.550000
461	33	0.550000
679	250	0.185000
760	225	0.215000
700	300	0.125000
710	339	0.325000
