# start_x	start_y	duration
663	116	0.600000
551	264	0.185000
497	170	0.185000
293	766	0.185000
280	885	0.185000
378	172	0.550000
641	29	0.125000
553	150	0.550000
703	387	0.185000
442	406	0.125000
253	256	0.450000
462	729	0.245000
436	104	0.550000
419	216	0.850000
422	197	0.550000
644	285	0.185000
421	554	0.550000
323	537	0.125000
652	560	0.090000
686	662	0.550000
619	329	0.215000
241	131	0.125000
