# start_x	start_y	duration
366	270	0.125000
282	593	0.550000
214	966	0.550000
266	664	0.185000
509	893	0.245000
275	589	0.600000
218	518	0.325000
192	656	0.185000
227	314	0.280000
649	54	0.550000
617	25	0.550000
702	79	0.090000
566	970	0.215000
469	860	0.215000
238	881	0.550000
228	952	0.125000
463	345	0.325000
