# start_x	start_y	duration
486	466	0.245000
591	233	0.280000
600	339	0.125000
553	450	0.550000
688	258	0.280000
699	175	0.215000
543	229	0.280000
663	166	0.375000
181	622	0.125000
431	156	0.280000
561	50	0.215000
265	339	0.090000
349	341	0.185000
699	81	0.125000
727	110	0.280000
722	20	0.185000
610	260	0.550000
658	189	0.550000
673	318	0.550000
534	87	0.185000
419	627	0.550000
671	166	0.215000
689	95	0.215000
564	177	0.550000
580	166	0.450000
556	691	0.185000
