# start_x	start_y	duration
236	541	0.125000
317	260	0.245000
293	47	0.550000
257	27	0.125000
630	162	0.280000
662	775	0.550000
468	877	0.090000
188	922	0.125000
248	439	0.245000
212	70	0.185000
487	347	0.375000
274	102	0.125000
222	404	0.280000
604	989	0.550000
446	891	0.550000
577	710	0.185000
617	556	0.600000
614	108	0.550000
582	600	0.550000
