# start_x	start_y	duration
438	302	0.185000
339	200	0.215000
288	35	0.450000
609	68	0.280000
764	358	0.215000
387	722	0.185000
470	493	0.325000
251	731	0.125000
661	108	0.125000
647	310	0.215000
542	189	0.215000
475	454	0.125000
497	395	0.125000
791	170	0.550000
424	31	0.125000
748	122	0.550000
653	122	0.185000
324	120	0.125000
