# start_x	start_y	duration
374	420	0.185000
270	2	0.550000
389	566	0.550000
378	58	0.550000
295	22	0.090000
510	127	0.325000
709	633	0.550000
737	395	0.450000
359	43	0.550000
508	89	0.245000
465	118	0.185000
279	833	0.215000
441	831	0.325000
346	397	0.215000
429	477	0.185000
393	929	0.125000
519	962	0.245000
741	922	0.215000
614	227	0.125000
557	654	0.325000
304	810	0.125000
508	893	0.245000
682	795	0.450000
188	85	0.185000
298	133	0.185000
204	279	0.185000
397	47	0.550000
738	960	0.280000
