# start_x	start_y	duration
441	518	0.375000
409	527	0.125000
312	20	0.215000
544	139	0.280000
288	87	0.185000
204	385	0.550000
428	831	0.450000
472	662	0.125000
668	135	0.245000
394	110	0.550000
178	268	0.280000
152	16	0.550000
231	789	0.125000
469	593	0.125000
693	564	0.280000
367	35	0.550000
340	335	0.215000
422	397	0.375000
769	825	0.125000
715	808	0.185000
614	483	0.185000
639	477	0.550000
