# start_x	start_y	duration
501	539	0.325000
231	691	0.280000
364	985	0.125000
296	514	0.325000
214	89	0.450000
266	185	0.125000
228	795	0.185000
348	645	0.325000
617	918	0.450000
408	810	0.215000
359	908	0.550000
391	904	0.450000
410	277	0.550000
775	770	0.550000
798	620	0.245000
794	510	0.185000
592	889	0.215000
744	647	0.215000
522	179	0.125000
710	206	0.325000
677	556	0.185000
675	908	0.185000
289	847	0.185000
270	64	0.185000
503	854	0.125000
182	318	0.125000
