# start_x	start_y	duration
359	468	0.325000
155	114	0.185000
425	70	0.245000
443	141	0.280000
277	585	0.125000
511	827	0.125000
295	681	0.280000
453	456	0.550000
684	860	0.090000
792	895	0.450000
674	566	0.125000
637	945	0.280000
634	666	0.550000
394	185	0.280000
121	12	0.245000
195	141	0.125000
393	37	0.550000
346	135	0.215000
273	256	0.215000
214	35	0.125000
149	162	0.125000
