# start_x	start_y	duration
463	531	0.185000
225	160	0.215000
229	6	0.280000
298	31	0.215000
317	68	0.375000
551	204	0.325000
492	137	0.090000
444	214	0.280000
504	268	0.550000
519	533	0.090000
494	810	0.125000
342	777	0.550000
206	568	0.550000
239	591	0.185000
