# start_x	start_y	duration
482	356	0.125000
517	227	0.215000
352	16	0.245000
450	304	0.185000
345	16	0.280000
282	41	0.245000
677	206	0.325000
260	210	0.125000
441	404	0.550000
372	89	0.245000
410	343	0.125000
463	72	0.375000
446	127	0.215000
279	283	0.125000
141	350	0.215000
137	137	0.550000
245	52	0.245000
438	293	0.325000
380	137	0.125000
289	29	0.090000
308	285	0.550000
481	120	0.125000
235	333	0.185000
229	56	0.245000
