# start_x	start_y	duration
280	312	0.375000
631	89	0.550000
623	406	0.550000
427	37	0.215000
529	389	0.090000
307	627	0.325000
443	647	0.185000
198	647	0.280000
421	427	0.185000
605	668	0.550000
577	712	0.185000
590	827	0.090000
791	877	0.245000
688	279	0.280000
422	412	0.185000
535	908	0.325000
415	420	0.185000
487	185	0.550000
396	262	0.550000
721	800	0.325000
525	218	0.125000
665	191	0.550000
