# start_x	start_y	duration
371	520	0.125000
179	93	0.550000
311	60	0.550000
307	150	0.245000
182	64	0.125000
253	58	0.125000
343	29	0.280000
473	906	0.125000
491	233	0.850000
214	618	0.550000
649	777	0.215000
735	800	0.550000
475	435	0.215000
374	45	0.090000
728	318	0.185000
571	629	0.125000
399	633	0.185000
288	366	0.550000
270	581	0.280000
549	579	0.185000
473	729	0.550000
359	179	0.550000
181	31	0.185000
234	870	0.185000
596	691	0.185000
274	852	0.550000
