# start_x	start_y	duration
371	325	0.245000
448	477	0.185000
415	22	0.125000
396	337	0.280000
413	285	0.325000
387	29	0.125000
146	256	0.215000
156	254	0.215000
214	22	0.215000
368	206	0.550000
476	254	0.550000
640	535	0.185000
460	702	0.185000
393	277	0.125000
473	702	0.280000
567	212	0.550000
748	481	0.245000
710	712	0.550000
460	500	0.850000
