# start_x	start_y	duration
454	531	0.245000
665	727	0.280000
608	920	0.245000
416	858	0.550000
184	706	0.125000
539	504	0.550000
579	812	0.125000
484	585	0.280000
735	510	0.125000
358	806	0.245000
263	443	0.125000
168	420	0.215000
181	522	0.185000
507	145	0.125000
330	72	0.280000
291	420	0.185000
506	229	0.185000
427	466	0.125000
329	62	0.215000
