# start_x	start_y	duration
184	945	0.550000
333	889	0.550000
204	16	0.375000
558	60	0.215000
207	95	0.215000
437	12	0.550000
334	227	0.185000
283	35	0.245000
269	420	0.600000
174	583	0.550000
239	883	0.245000
391	822	0.185000
742	158	0.450000
372	325	0.600000
185	693	0.325000
399	122	0.550000
470	825	0.215000
484	116	0.245000
767	85	0.600000
609	535	0.125000
193	204	0.125000
479	170	0.325000
408	35	0.550000
468	245	0.185000
336	275	0.125000
263	418	0.550000
510	372	0.550000
387	29	0.125000
