# start_x	start_y	duration
304	58	0.550000
331	216	0.185000
349	72	0.245000
609	100	0.215000
432	137	0.215000
245	39	0.325000
342	60	0.090000
643	106	0.215000
320	147	0.125000
272	60	0.215000
195	245	0.215000
185	62	0.245000
368	72	0.215000
293	356	0.125000
538	935	0.550000
630	325	0.245000
437	900	0.185000
541	352	0.245000
725	814	0.245000
