# start_x	start_y	duration
450	433	0.245000
288	87	0.280000
226	58	0.245000
210	37	0.125000
713	10	0.600000
647	233	0.550000
643	170	0.280000
623	127	0.185000
759	406	0.550000
740	870	0.550000
595	462	0.215000
470	414	0.550000
273	377	0.325000
457	316	0.245000
555	679	0.090000
296	31	0.125000
390	429	0.550000
