# start_x	start_y	duration
453	516	0.280000
190	47	0.185000
162	66	0.600000
365	37	0.215000
454	402	0.280000
283	166	0.185000
212	39	0.185000
254	62	0.185000
144	108	0.245000
282	143	0.215000
359	364	0.325000
286	877	0.450000
370	229	0.325000
235	37	0.215000
756	864	0.550000
718	681	0.450000
400	112	0.185000
429	45	0.550000
326	181	0.215000
159	110	0.280000
557	725	0.550000
795	497	0.325000
585	931	0.550000
568	916	0.215000
264	816	0.550000
384	89	0.185000
229	318	0.215000
