# start_x	start_y	duration
26	409	0.185000
326	459	0.550000
629	492	0.185000
382	357	0.185000
115	459	0.125000
175	508	0.215000
329	464	0.215000
343	136	0.245000
79	444	0.125000
203	220	0.450000
76	503	0.325000
506	342	0.185000
210	460	0.550000
450	269	0.550000
304	419	0.450000
156	414	0.125000
103	462	0.280000
146	471	0.215000
31	530	0.280000
496	334	0.185000
