# start_x	start_y	duration
381	450	0.090000
60	105	0.280000
15	138	0.215000
89	66	0.325000
101	98	0.215000
167	94	0.550000
379	189	0.125000
228	96	0.185000
165	512	0.550000
593	63	0.185000
710	451	0.245000
676	164	0.245000
618	337	0.185000
587	96	0.550000
401	307	0.550000
531	300	0.215000
145	76	0.450000
68	58	0.185000
181	409	0.550000
176	58	0.280000
