# start_x	start_y	duration
520	257	0.325000
23	79	0.185000
120	405	0.245000
187	467	0.125000
170	413	0.185000
56	447	0.215000
39	429	0.325000
203	444	0.325000
182	433	0.125000
251	410	0.280000
631	362	0.550000
729	376	0.125000
912	205	0.325000
723	351	0.185000
115	95	0.245000
32	167	0.215000
25	144	0.550000
157	76	0.125000
