# start_x	start_y	duration
489	288	0.185000
112	497	0.325000
126	411	0.185000
51	438	0.125000
203	501	0.185000
117	205	0.245000
206	193	0.125000
160	85	0.550000
218	75	0.185000
753	161	0.325000
906	226	0.550000
731	225	0.600000
951	253	0.550000
690	390	0.185000
251	439	0.125000
98	396	0.245000
103	427	0.185000
317	328	0.550000
101	79	0.550000
117	446	0.245000
146	498	0.185000
520	295	0.125000
443	363	0.280000
89	485	0.185000
