# start_x	start_y	duration
479	258	0.125000
145	223	0.125000
342	276	0.280000
815	144	0.280000
215	86	0.245000
29	100	0.215000
68	145	0.090000
184	372	0.550000
156	488	0.090000
128	118	0.550000
145	145	0.185000
531	84	0.550000
451	142	0.125000
100	124	0.125000
32	105	0.215000
42	388	0.090000
93	453	0.325000
107	442	0.215000
340	465	0.325000
