# start_x	start_y	duration
187	91	0.185000
426	313	0.280000
195	96	0.185000
604	269	0.450000
170	511	0.375000
665	187	0.325000
635	360	0.185000
929	451	0.185000
639	175	0.185000
743	100	0.600000
851	229	0.375000
834	469	0.550000
532	195	0.280000
620	317	0.125000
239	257	0.125000
