# start_x	start_y	duration
290	210	0.125000
165	425	0.550000
112	485	0.125000
23	511	0.185000
131	80	0.245000
173	90	0.450000
21	274	0.550000
267	293	0.550000
142	424	0.550000
570	397	0.325000
398	242	0.185000
317	54	0.215000
145	94	0.280000
71	253	0.090000
62	93	0.550000
32	149	0.185000
196	91	0.450000
159	429	0.185000
121	495	0.600000
584	485	0.185000
126	218	0.125000
92	452	0.550000
296	363	0.185000
