# start_x	start_y	duration
137	43	0.185000
103	75	0.550000
176	405	0.550000
98	424	0.185000
73	447	0.600000
101	253	0.550000
387	484	0.280000
142	465	0.215000
479	280	0.125000
189	503	0.245000
404	257	0.215000
729	379	0.185000
698	419	0.185000
628	436	0.125000
996	128	0.245000
923	107	0.125000
62	82	0.185000
203	504	0.185000
189	244	0.550000
193	104	0.375000
