# start_x	start_y	duration
209	186	0.550000
410	263	0.550000
39	465	0.215000
110	130	0.185000
103	99	0.185000
64	104	0.245000
92	112	0.185000
95	149	0.550000
79	474	0.550000
289	465	0.215000
262	515	0.325000
176	332	0.245000
509	209	0.450000
187	530	0.245000
134	438	0.185000
245	413	0.245000
89	471	0.215000
78	436	0.245000
92	437	0.550000
12	230	0.550000
185	416	0.185000
104	437	0.550000
71	467	0.245000
