# start_x	start_y	duration
446	271	0.185000
106	102	0.550000
112	94	0.245000
160	119	0.550000
356	252	0.280000
429	257	0.550000
848	209	0.280000
378	363	0.375000
100	453	0.245000
142	216	0.185000
182	255	0.550000
79	110	0.325000
95	408	0.215000
75	456	0.550000
481	495	0.185000
434	402	0.215000
357	441	0.185000
48	433	0.125000
178	473	0.125000
43	110	0.280000
