# start_x	start_y	duration
135	453	0.550000
192	455	0.215000
109	471	0.550000
40	420	0.125000
153	382	0.215000
48	175	0.185000
232	178	0.125000
287	337	0.550000
45	80	0.215000
9	210	0.550000
78	110	0.185000
189	150	0.550000
270	108	0.550000
132	424	0.325000
159	276	0.375000
320	425	0.125000
57	513	0.280000
148	99	0.215000
85	102	0.325000
218	184	0.125000
273	283	0.550000
