# start_x	start_y	duration
473	191	0.280000
339	104	0.185000
254	344	0.550000
79	453	0.280000
173	503	0.550000
39	442	0.550000
154	506	0.215000
837	238	0.125000
435	382	0.600000
737	304	0.550000
434	218	0.125000
678	390	0.245000
854	474	0.215000
728	374	0.215000
601	130	0.215000
520	187	0.450000
564	344	0.125000
843	376	0.550000
837	396	0.125000
906	223	0.185000
881	79	0.325000
698	365	0.185000
