# start_x	start_y	duration
207	138	0.125000
223	94	0.550000
157	93	0.375000
150	113	0.550000
76	76	0.550000
106	476	0.550000
1	495	0.185000
239	251	0.125000
137	418	0.280000
181	175	0.245000
71	501	0.185000
481	358	0.090000
317	415	0.185000
120	405	0.550000
134	465	0.550000
95	300	0.185000
470	471	0.215000
948	277	0.185000
839	390	0.600000
575	330	0.125000
679	274	0.245000
668	461	0.125000
567	328	0.185000
121	455	0.600000
121	225	0.550000
