# start_x	start_y	duration
440	224	0.185000
312	224	0.090000
423	253	0.280000
151	390	0.185000
53	530	0.125000
85	436	0.550000
104	416	0.245000
168	76	0.125000
184	77	0.550000
157	137	0.185000
71	492	0.325000
303	368	0.550000
309	495	0.215000
251	351	0.090000
242	492	0.185000
96	457	0.550000
200	326	0.325000
293	271	0.125000
351	112	0.245000
364	402	0.325000
203	490	0.125000
193	448	0.125000
