# start_x	start_y	duration
92	451	0.550000
129	423	0.325000
162	443	0.215000
43	408	0.550000
226	507	0.550000
170	448	0.550000
110	457	0.185000
226	307	0.185000
353	154	0.550000
257	225	0.185000
76	76	0.325000
109	113	0.125000
107	84	0.550000
409	467	0.550000
271	464	0.550000
193	219	0.185000
210	188	0.280000
151	437	0.550000
139	450	0.185000
198	66	0.550000
118	229	0.450000
