# start_x	start_y	duration
3	67	0.280000
473	209	0.215000
139	464	0.125000
114	448	0.215000
14	427	0.185000
134	424	0.280000
353	385	0.090000
310	269	0.325000
121	439	0.185000
106	453	0.550000
140	442	0.280000
112	462	0.280000
532	446	0.245000
93	476	0.125000
529	494	0.185000
57	473	0.090000
142	439	0.185000
393	453	0.600000
150	271	0.550000
285	276	0.245000
