# start_x	start_y	duration
414	258	0.325000
242	79	0.280000
279	432	0.215000
237	196	0.215000
201	184	0.280000
64	122	0.185000
143	456	0.125000
178	415	0.280000
135	164	0.125000
385	96	0.215000
525	232	0.125000
493	372	0.125000
203	80	0.185000
200	336	0.215000
343	434	0.185000
278	146	0.280000
217	413	0.185000
185	520	0.450000
182	415	0.450000
90	438	0.375000
78	446	0.185000
284	436	0.245000
212	123	0.090000
95	212	0.185000
45	448	0.185000
