# start_x	start_y	duration
389	238	0.215000
495	300	0.215000
70	280	0.245000
75	116	0.185000
278	253	0.280000
121	420	0.245000
257	102	0.185000
195	202	0.550000
256	267	0.245000
79	160	0.245000
370	269	0.325000
435	244	0.550000
128	89	0.550000
78	442	0.185000
220	527	0.550000
78	531	0.245000
140	462	0.185000
303	459	0.125000
65	464	0.185000
171	163	0.125000
265	188	0.185000
50	197	0.185000
