# start_x	start_y	duration
82	401	0.185000
35	149	0.185000
43	73	0.245000
54	98	0.215000
93	168	0.280000
95	465	0.245000
90	497	0.375000
18	82	0.125000
92	132	0.090000
289	344	0.245000
39	464	0.450000
335	293	0.125000
42	502	0.550000
70	452	0.125000
259	451	0.450000
632	395	0.125000
489	369	0.125000
304	193	0.550000
170	156	0.245000
346	443	0.280000
664	238	0.550000
684	321	0.245000
492	362	0.325000
