# start_x	start_y	duration
21	109	0.550000
84	58	0.090000
448	63	0.550000
107	78	0.550000
179	549	0.375000
357	518	0.550000
739	399	0.090000
759	444	0.125000
965	129	0.125000
915	322	0.090000
573	168	0.550000
718	549	0.185000
792	650	0.280000
546	156	0.185000
89	171	0.185000
107	76	0.325000
146	659	0.215000
410	573	0.185000
51	350	0.185000
301	85	0.550000
315	75	0.185000
115	46	0.325000
