# start_x	start_y	duration
467	298	0.245000
390	317	0.185000
156	67	0.550000
184	307	0.550000
56	49	0.125000
65	49	0.090000
435	73	0.215000
110	67	0.215000
578	334	0.245000
446	527	0.125000
739	427	0.280000
635	552	0.185000
785	607	0.550000
828	316	0.550000
964	319	0.325000
584	155	0.550000
845	319	0.550000
965	540	0.450000
814	376	0.550000
787	359	0.325000
903	189	0.215000
360	61	0.185000
