# start_x	start_y	duration
742	27	0.215000
431	25	0.125000
87	60	0.550000
25	34	0.125000
104	79	0.090000
670	42	0.550000
540	61	0.125000
415	337	0.215000
842	387	0.125000
942	284	0.215000
860	328	0.185000
846	171	0.375000
639	244	0.245000
748	378	0.185000
829	94	0.185000
746	411	0.280000
762	263	0.280000
634	319	0.185000
379	63	0.185000
309	361	0.550000
217	99	0.550000
725	183	0.185000
509	164	0.550000
384	248	0.245000
