# start_x	start_y	duration
523	325	0.125000
629	51	0.550000
759	210	0.280000
714	396	0.280000
528	52	0.185000
446	30	0.245000
573	70	0.125000
864	162	0.245000
767	84	0.325000
829	265	0.280000
789	352	0.185000
392	638	0.185000
218	653	0.245000
190	688	0.325000
100	54	0.185000
414	447	0.215000
629	599	0.280000
864	290	0.550000
576	372	0.550000
371	231	0.185000
876	239	0.185000
631	367	0.280000
678	331	0.215000
509	314	0.550000
753	194	0.185000
