# start_x	start_y	duration
504	314	0.185000
481	355	0.125000
489	346	0.185000
659	31	0.550000
604	174	0.185000
623	174	0.125000
443	27	0.185000
339	542	0.245000
631	614	0.280000
565	527	0.550000
243	387	0.550000
460	605	0.125000
535	546	0.125000
889	236	0.185000
521	343	0.550000
740	256	0.215000
935	283	0.215000
523	650	0.550000
651	480	0.550000
831	491	0.215000
793	640	0.185000
564	296	0.280000
