# start_x	start_y	duration
507	637	0.550000
582	147	0.550000
571	215	0.325000
673	429	0.185000
298	78	0.185000
126	78	0.185000
470	218	0.185000
557	247	0.215000
637	358	0.185000
775	332	0.185000
821	546	0.550000
620	137	0.450000
506	316	0.550000
929	210	0.280000
832	662	0.550000
860	566	0.215000
609	462	0.185000
642	667	0.550000
515	159	0.450000
506	70	0.550000
910	186	0.550000
884	159	0.450000
839	274	0.090000
445	192	0.215000
335	280	0.550000
