# start_x	start_y	duration
495	347	0.325000
443	100	0.550000
634	488	0.090000
559	561	0.215000
542	545	0.245000
764	453	0.325000
689	408	0.215000
537	108	0.280000
609	185	0.550000
725	433	0.550000
859	546	0.375000
628	643	0.550000
315	405	0.215000
384	497	0.450000
689	474	0.215000
754	513	0.185000
512	257	0.215000
817	566	0.245000
489	576	0.215000
876	682	0.550000
853	578	0.215000
517	537	0.550000
625	591	0.550000
