# start_x	start_y	duration
543	222	0.185000
257	7	0.215000
287	489	0.185000
489	284	0.550000
529	49	0.245000
378	21	0.185000
293	85	0.245000
48	194	0.245000
29	58	0.375000
515	477	0.215000
581	506	0.185000
692	424	0.600000
623	497	0.125000
59	118	0.325000
67	122	0.280000
57	108	0.550000
248	257	0.550000
517	191	0.215000
578	269	0.185000
284	76	0.125000
293	237	0.215000
323	141	0.125000
704	132	0.245000
634	43	0.215000
