# start_x	start_y	duration
378	24	0.090000
101	78	0.450000
18	132	0.090000
592	99	0.550000
506	42	0.325000
109	66	0.185000
112	30	0.215000
500	218	0.125000
482	170	0.450000
121	61	0.280000
326	539	0.215000
457	204	0.245000
740	469	0.550000
889	376	0.550000
623	271	0.280000
793	483	0.185000
962	643	0.280000
943	320	0.375000
764	463	0.280000
212	441	0.185000
264	509	0.125000
404	659	0.215000
565	322	0.550000
460	108	0.185000
342	96	0.280000
360	46	0.185000
