# start_x	start_y	duration
507	234	0.125000
489	293	0.245000
475	316	0.125000
29	257	0.245000
76	358	0.185000
195	634	0.550000
79	421	0.550000
114	326	0.185000
740	706	0.325000
534	522	0.090000
642	582	0.550000
712	39	0.215000
807	219	0.280000
578	227	0.125000
343	37	0.185000
279	625	0.550000
570	683	0.245000
881	662	0.185000
685	549	0.325000
689	475	0.245000
