# start_x	start_y	duration
323	70	0.125000
126	334	0.550000
218	103	0.325000
665	99	0.125000
526	40	0.325000
264	61	0.215000
564	393	0.215000
570	283	0.185000
559	439	0.215000
453	661	0.550000
126	191	0.125000
143	530	0.215000
39	460	0.550000
126	75	0.550000
29	129	0.090000
318	112	0.550000
465	67	0.125000
279	109	0.215000
82	18	0.215000
159	18	0.550000
168	109	0.550000
470	201	0.550000
421	149	0.375000
498	96	0.550000
