# start_x	start_y	duration
453	338	0.375000
293	66	0.125000
476	67	0.215000
96	260	0.125000
128	42	0.550000
532	90	0.185000
376	45	0.280000
704	118	0.215000
823	195	0.550000
653	530	0.125000
417	58	0.215000
575	421	0.125000
579	253	0.450000
526	546	0.550000
620	363	0.185000
584	373	0.375000
743	466	0.245000
918	584	0.550000
896	299	0.550000
928	203	0.215000
260	500	0.185000
175	391	0.185000
534	271	0.185000
535	171	0.550000
182	70	0.550000
81	423	0.550000
