# start_x	start_y	duration
870	302	0.550000
612	162	0.550000
906	587	0.215000
723	515	0.215000
603	290	0.280000
626	93	0.185000
164	247	0.125000
406	616	0.375000
581	653	0.245000
676	659	0.280000
745	563	0.280000
142	477	0.375000
159	247	0.125000
279	439	0.245000
154	551	0.245000
373	393	0.600000
551	558	0.185000
407	474	0.550000
204	108	0.215000
687	271	0.125000
793	222	0.280000
807	159	0.245000
998	331	0.245000
864	126	0.550000
695	319	0.215000
754	268	0.245000
