# start_x	start_y	duration
409	228	0.125000
485	118	0.245000
771	12	0.550000
803	30	0.215000
746	84	0.215000
879	358	0.185000
625	90	0.550000
829	100	0.185000
551	52	0.550000
943	359	0.185000
857	334	0.215000
901	521	0.375000
759	140	0.185000
175	295	0.185000
312	100	0.450000
492	188	0.215000
795	634	0.125000
396	58	0.245000
398	227	0.550000
492	179	0.245000
312	500	0.185000
509	281	0.185000
601	640	0.185000
