# start_x	start_y	duration
542	100	0.280000
185	64	0.185000
157	46	0.185000
201	60	0.215000
496	84	0.450000
617	439	0.325000
542	302	0.550000
457	159	0.125000
439	304	0.090000
235	105	0.550000
79	247	0.550000
232	251	0.185000
67	302	0.215000
137	185	0.185000
237	265	0.550000
37	131	0.325000
254	242	0.550000
668	298	0.550000
696	328	0.280000
650	209	0.125000
