# start_x	start_y	duration
253	57	0.550000
143	45	0.185000
71	30	0.325000
162	33	0.185000
296	644	0.280000
340	414	0.125000
690	617	0.550000
620	512	0.125000
431	626	0.090000
28	659	0.215000
251	198	0.280000
662	548	0.185000
559	134	0.600000
434	561	0.550000
339	498	0.185000
793	635	0.215000
365	590	0.215000
695	554	0.550000
