# start_x	start_y	duration
971	194	0.550000
470	93	0.215000
756	302	0.550000
689	31	0.550000
606	572	0.245000
853	364	0.090000
701	320	0.215000
715	81	0.280000
820	634	0.245000
753	424	0.450000
490	286	0.245000
745	274	0.185000
942	597	0.215000
814	686	0.280000
690	640	0.215000
698	566	0.245000
576	647	0.550000
4	405	0.215000
178	501	0.125000
