# start_x	start_y	duration
482	94	0.185000
479	216	0.215000
704	350	0.550000
342	70	0.125000
196	18	0.185000
675	64	0.245000
685	272	0.215000
589	420	0.325000
593	441	0.215000
370	418	0.185000
804	495	0.325000
943	185	0.280000
867	397	0.245000
701	198	0.280000
917	641	0.185000
826	376	0.245000
268	85	0.550000
279	115	0.550000
200	304	0.550000
81	570	0.185000
151	567	0.550000
570	668	0.245000
779	331	0.215000
654	328	0.125000
