# start_x	start_y	duration
493	328	0.245000
437	57	0.185000
503	39	0.325000
606	444	0.245000
307	109	0.185000
50	480	0.185000
148	167	0.245000
554	58	0.325000
623	146	0.450000
642	478	0.550000
565	435	0.550000
890	388	0.215000
439	94	0.185000
376	352	0.185000
276	545	0.125000
185	604	0.375000
128	566	0.215000
273	483	0.215000
39	76	0.375000
