# start_x	start_y	duration
485	370	0.125000
403	174	0.185000
904	243	0.245000
856	436	0.550000
612	392	0.325000
448	463	0.550000
529	519	0.215000
404	305	0.280000
228	362	0.215000
142	457	0.245000
393	452	0.280000
304	595	0.125000
39	60	0.550000
267	592	0.245000
967	508	0.550000
985	594	0.550000
664	433	0.550000
720	426	0.550000
815	398	0.550000
