# start_x	start_y	duration
500	590	0.550000
610	233	0.185000
365	72	0.125000
331	359	0.125000
364	618	0.125000
907	355	0.280000
826	274	0.215000
612	362	0.215000
848	632	0.185000
560	467	0.125000
862	382	0.245000
770	393	0.185000
865	420	0.215000
642	243	0.550000
767	473	0.245000
725	441	0.550000
965	402	0.550000
901	389	0.245000
548	356	0.185000
570	413	0.550000
632	296	0.600000
778	328	0.550000
525	379	0.215000
976	492	0.550000
801	367	0.245000
