# start_x	start_y	duration
501	343	0.185000
975	162	0.600000
889	188	0.280000
931	144	0.550000
929	128	0.280000
837	476	0.450000
626	443	0.550000
959	327	0.550000
959	631	0.125000
576	295	0.185000
935	607	0.550000
860	177	0.185000
145	72	0.325000
362	401	0.550000
664	421	0.215000
989	323	0.125000
892	362	0.280000
306	588	0.245000
584	560	0.325000
121	56	0.245000
168	69	0.550000
126	525	0.185000
318	340	0.245000
609	342	0.125000
620	588	0.125000
