# start_x	start_y	duration
159	66	0.550000
245	82	0.245000
428	101	0.325000
857	210	0.215000
650	401	0.185000
651	604	0.090000
418	501	0.280000
446	507	0.185000
896	162	0.215000
665	390	0.280000
689	408	0.280000
600	463	0.185000
820	564	0.245000
882	187	0.550000
925	146	0.375000
484	361	0.185000
265	395	0.125000
339	156	0.215000
412	424	0.215000
228	354	0.550000
684	432	0.245000
587	502	0.185000
376	287	0.245000
320	64	0.550000
664	389	0.280000
685	443	0.245000
379	508	0.550000
