# start_x	start_y	duration
504	243	0.185000
421	324	0.215000
242	345	0.550000
462	523	0.550000
190	95	0.125000
39	42	0.125000
351	148	0.550000
929	354	0.185000
756	408	0.280000
750	485	0.550000
867	188	0.550000
473	504	0.245000
564	455	0.450000
570	480	0.125000
614	348	0.215000
429	393	0.550000
751	395	0.215000
828	477	0.215000
989	168	0.280000
965	445	0.550000
912	395	0.550000
