# start_x	start_y	duration
376	299	0.325000
182	364	0.245000
684	595	0.185000
853	148	0.185000
876	418	0.185000
818	188	0.245000
300	72	0.325000
217	42	0.280000
318	325	0.215000
373	480	0.550000
126	120	0.185000
185	430	0.325000
578	497	0.215000
582	476	0.125000
623	463	0.375000
357	466	0.280000
803	463	0.600000
748	354	0.185000
400	523	0.125000
945	190	0.215000
903	163	0.550000
398	460	0.185000
479	386	0.450000
621	398	0.550000
498	461	0.280000
34	333	0.280000
