# start_x	start_y	duration
448	73	0.375000
409	137	0.125000
182	48	0.185000
65	63	0.185000
89	79	0.185000
273	67	0.185000
409	57	0.325000
115	45	0.215000
59	113	0.550000
331	53	0.325000
640	373	0.215000
787	439	0.245000
532	502	0.215000
826	414	0.090000
875	637	0.325000
946	581	0.215000
507	517	0.185000
734	407	0.215000
600	318	0.185000
843	402	0.215000
534	292	0.245000
654	492	0.185000
307	556	0.550000
