# start_x	start_y	duration
525	312	0.325000
473	308	0.125000
282	89	0.125000
320	137	0.450000
485	349	0.215000
214	95	0.280000
4	97	0.215000
453	269	0.550000
512	502	0.215000
196	396	0.550000
590	421	0.550000
965	119	0.215000
832	408	0.125000
867	234	0.550000
809	340	0.325000
810	135	0.550000
153	249	0.125000
142	592	0.550000
468	533	0.215000
854	581	0.125000
851	116	0.325000
429	443	0.185000
103	489	0.090000
385	539	0.090000
885	572	0.125000
476	516	0.550000
690	373	0.125000
