# start_x	start_y	duration
179	548	0.550000
175	75	0.550000
114	81	0.600000
185	92	0.125000
65	166	0.245000
242	292	0.125000
806	166	0.550000
279	411	0.185000
496	449	0.550000
323	550	0.550000
239	306	0.215000
315	622	0.185000
504	393	0.325000
764	383	0.215000
782	408	0.280000
896	389	0.185000
682	383	0.550000
882	123	0.215000
870	132	0.280000
