# start_x	start_y	duration
646	199	0.125000
504	321	0.125000
173	85	0.185000
68	57	0.550000
150	197	0.185000
101	69	0.125000
120	54	0.245000
210	194	0.375000
426	507	0.125000
715	374	0.375000
745	516	0.245000
732	497	0.550000
795	305	0.215000
712	489	0.450000
545	595	0.550000
310	303	0.550000
620	101	0.215000
870	168	0.215000
631	131	0.125000
439	308	0.550000
264	364	0.280000
754	606	0.450000
