# start_x	start_y	duration
321	219	0.325000
762	278	0.215000
957	367	0.280000
807	299	0.245000
831	292	0.245000
548	646	0.215000
526	147	0.550000
456	532	0.185000
298	511	0.185000
156	393	0.550000
192	212	0.125000
343	225	0.090000
245	365	0.550000
210	259	0.185000
871	154	0.375000
909	154	0.245000
382	579	0.185000
396	612	0.280000
501	320	0.550000
864	452	0.245000
745	433	0.280000
