# start_x	start_y	duration
570	438	0.215000
817	339	0.550000
546	532	0.215000
603	505	0.215000
965	224	0.245000
607	485	0.215000
693	405	0.550000
698	408	0.550000
987	507	0.185000
498	430	0.125000
890	314	0.325000
879	266	0.215000
828	168	0.550000
59	19	0.185000
398	569	0.245000
135	684	0.550000
684	491	0.450000
510	421	0.185000
351	42	0.125000
54	345	0.185000
246	386	0.280000
321	517	0.550000
320	30	0.185000
103	194	0.550000
331	595	0.185000
529	460	0.550000
765	384	0.325000
871	612	0.185000
