# start_x	start_y	duration
292	38	0.125000
432	63	0.550000
182	75	0.325000
179	101	0.550000
173	95	0.280000
164	116	0.245000
256	250	0.185000
518	457	0.125000
642	328	0.550000
492	585	0.325000
492	420	0.280000
354	101	0.550000
195	354	0.245000
114	206	0.185000
823	299	0.325000
796	383	0.125000
900	240	0.185000
839	387	0.125000
921	72	0.550000
617	380	0.550000
559	236	0.550000
529	284	0.325000
35	342	0.550000
520	367	0.600000
685	315	0.185000
450	584	0.185000
