# start_x	start_y	duration
318	216	0.280000
171	45	0.245000
262	66	0.185000
370	73	0.245000
145	70	0.125000
637	405	1.250000
423	349	0.185000
198	359	0.280000
64	188	0.185000
600	234	0.125000
315	364	0.550000
223	359	0.185000
309	72	0.185000
43	411	0.185000
504	427	0.245000
393	327	0.550000
712	370	0.185000
689	172	0.550000
507	556	0.185000
