# start_x	start_y	duration
456	330	0.185000
490	330	0.185000
623	441	0.600000
906	600	0.550000
837	129	0.550000
739	112	0.185000
298	75	0.215000
137	172	0.550000
757	601	0.245000
790	376	0.325000
800	443	0.375000
578	413	0.245000
203	20	0.125000
