# start_x	start_y	duration
448	299	0.185000
428	182	0.125000
350	94	0.850000
159	61	0.600000
242	346	0.550000
106	420	0.125000
220	522	0.245000
385	309	0.185000
470	576	0.215000
554	501	0.550000
496	166	0.245000
678	497	0.550000
679	649	0.215000
412	373	0.215000
292	418	0.280000
351	293	0.550000
414	533	0.245000
871	544	0.280000
957	41	0.090000
851	154	0.245000
718	604	0.450000
829	272	0.375000
904	206	0.125000
798	210	0.550000
