# start_x	start_y	duration
465	297	0.280000
203	78	0.375000
57	110	0.280000
137	88	0.450000
215	73	0.125000
359	95	0.185000
426	87	0.550000
203	566	0.185000
756	305	0.280000
725	115	0.550000
635	250	0.550000
735	336	0.550000
817	252	0.550000
764	334	0.550000
589	427	0.215000
632	401	0.185000
487	491	0.550000
515	501	0.550000
443	116	0.185000
225	137	0.550000
135	561	0.090000
439	510	0.125000
573	603	0.280000
517	297	0.375000
