# start_x	start_y	duration
478	168	0.185000
284	231	0.185000
82	380	0.185000
285	78	0.185000
245	374	0.550000
123	30	0.185000
146	72	0.245000
131	47	0.215000
331	131	0.215000
695	491	0.550000
662	364	0.125000
515	556	0.550000
359	325	0.550000
209	443	0.090000
292	194	0.185000
