# start_x	start_y	duration
423	345	0.185000
223	151	0.185000
221	95	0.215000
535	250	0.215000
614	442	0.280000
329	92	0.280000
342	92	0.550000
637	230	0.125000
828	140	0.550000
825	302	0.280000
639	420	0.550000
809	380	0.550000
481	494	0.245000
84	324	0.125000
270	67	0.125000
228	146	0.215000
21	146	0.280000
439	426	0.185000
275	371	0.125000
239	383	0.215000
717	610	0.280000
728	448	0.185000
882	380	0.125000
