# start_x	start_y	duration
439	185	0.215000
176	98	0.550000
320	76	0.185000
140	51	0.245000
43	439	0.125000
440	283	0.215000
106	123	0.185000
443	492	0.600000
539	653	0.550000
595	446	0.185000
315	334	0.215000
326	94	0.550000
500	302	0.125000
937	417	0.550000
857	340	0.090000
929	311	0.550000
898	424	0.550000
653	438	0.550000
854	436	0.125000
428	460	0.280000
337	63	0.325000
431	525	0.450000
475	545	1.250000
534	302	0.245000
526	324	0.550000
734	442	0.550000
670	531	0.185000
