# start_x	start_y	duration
189	123	0.550000
78	126	0.185000
173	112	0.125000
459	220	0.215000
242	129	0.185000
265	136	0.215000
559	372	0.325000
801	423	0.125000
60	174	0.600000
528	122	0.550000
739	285	0.125000
401	173	0.185000
243	62	0.185000
775	318	0.550000
939	172	0.215000
982	148	0.450000
940	218	0.245000
940	373	0.550000
946	377	0.325000
956	381	0.245000
846	248	0.125000
960	242	0.245000
864	281	0.325000
429	202	0.550000
