# start_x	start_y	duration
67	122	0.245000
465	304	0.185000
542	330	0.325000
473	332	0.125000
648	281	0.325000
267	103	0.215000
156	91	0.125000
223	112	0.245000
429	163	0.215000
542	196	0.215000
518	198	0.375000
489	102	0.550000
939	299	0.280000
720	197	0.550000
548	349	0.280000
240	309	0.280000
185	125	0.185000
31	136	0.185000
382	103	0.125000
350	83	0.090000
837	139	0.125000
971	302	0.215000
892	231	0.375000
895	384	0.450000
