# start_x	start_y	duration
573	258	0.245000
515	284	0.185000
106	434	0.245000
325	117	0.280000
151	65	0.090000
45	424	0.215000
181	112	0.245000
295	104	0.125000
790	184	0.125000
970	129	0.280000
964	217	0.245000
962	192	0.215000
475	339	0.550000
465	120	0.450000
160	295	0.125000
276	334	0.375000
100	294	0.215000
296	358	1.250000
276	239	0.550000
317	258	0.280000
