# start_x	start_y	duration
473	272	0.125000
896	184	0.125000
843	385	0.600000
110	81	0.280000
179	68	0.550000
528	361	0.215000
54	123	0.125000
148	277	0.185000
71	116	0.185000
159	104	0.215000
104	326	0.375000
942	330	0.215000
839	202	0.125000
973	296	0.215000
426	151	0.125000
321	198	0.215000
214	156	0.215000
71	123	0.185000
68	133	0.550000
125	112	0.550000
