# start_x	start_y	duration
273	111	0.550000
468	109	0.125000
367	149	0.375000
382	123	0.550000
29	284	0.550000
185	405	0.185000
98	97	0.215000
925	177	0.215000
582	115	0.215000
423	244	0.125000
487	352	0.185000
300	380	0.550000
462	194	0.550000
917	239	0.125000
957	145	0.245000
768	370	0.550000
128	355	0.185000
184	466	0.185000
107	274	0.185000
78	160	0.280000
59	145	0.550000
412	118	0.245000
