# start_x	start_y	duration
481	166	0.215000
173	74	0.185000
81	101	0.125000
131	122	0.245000
6	123	0.125000
276	96	0.375000
465	115	0.550000
418	139	0.450000
940	332	0.185000
932	325	0.185000
945	471	0.185000
834	202	0.245000
954	280	0.375000
976	287	0.185000
785	230	0.125000
379	125	0.550000
301	167	0.550000
37	99	0.185000
220	402	0.550000
382	145	0.550000
296	197	0.550000
154	313	0.550000
385	277	0.280000
