# start_x	start_y	duration
595	152	0.215000
535	245	0.125000
248	109	0.185000
175	132	0.185000
153	120	0.325000
110	117	0.550000
98	93	0.245000
256	102	0.550000
309	241	0.375000
456	216	0.245000
701	397	0.215000
995	308	0.185000
971	432	0.215000
901	441	0.280000
510	355	0.185000
384	134	0.185000
459	116	0.125000
753	82	0.185000
571	408	0.215000
532	326	0.280000
176	272	0.375000
503	299	0.125000
435	127	0.450000
535	118	0.550000
353	149	0.215000
