# start_x	start_y	duration
553	231	0.245000
550	255	0.215000
287	223	0.325000
220	98	0.215000
306	96	0.215000
112	113	0.325000
101	96	0.125000
106	180	0.550000
117	101	0.215000
509	284	0.245000
301	467	0.550000
317	115	0.550000
668	226	0.550000
845	202	0.185000
957	310	0.325000
878	262	0.550000
979	328	0.215000
901	440	0.215000
