# start_x	start_y	duration
42	83	0.550000
721	401	0.185000
931	327	0.125000
604	233	0.185000
368	117	0.185000
193	122	0.550000
681	437	0.550000
360	133	0.550000
181	102	0.215000
40	99	0.215000
162	136	0.185000
64	84	0.550000
101	52	0.185000
396	234	0.325000
353	172	0.185000
628	254	0.215000
456	140	0.215000
195	123	0.125000
290	124	0.550000
365	124	0.185000
660	340	0.185000
457	259	0.185000
442	209	0.550000
471	91	0.245000
