# start_x	start_y	duration
196	113	0.325000
242	103	0.550000
100	122	0.550000
265	113	0.185000
78	80	0.280000
403	151	0.245000
326	205	0.550000
285	147	0.215000
764	242	0.125000
935	138	0.215000
467	136	0.185000
167	324	0.185000
81	112	0.215000
84	342	0.215000
285	145	0.325000
117	419	0.280000
220	463	0.550000
431	361	0.185000
