# start_x	start_y	duration
484	272	0.375000
554	115	0.125000
435	248	0.550000
229	87	0.280000
48	98	0.125000
103	106	0.185000
165	432	0.215000
232	131	0.215000
320	249	0.245000
446	145	0.550000
578	174	0.245000
943	447	0.125000
807	240	0.550000
914	396	0.185000
392	110	0.280000
321	146	0.125000
396	327	0.090000
