# start_x	start_y	duration
504	270	0.185000
193	119	0.550000
232	108	0.280000
221	123	0.185000
242	89	0.280000
93	118	0.185000
93	90	0.245000
364	109	0.245000
307	183	0.550000
760	209	0.185000
415	351	0.280000
265	434	0.325000
314	431	0.450000
454	204	0.215000
925	211	0.185000
951	325	0.215000
914	366	0.185000
696	347	0.550000
956	161	0.600000
867	197	0.280000
431	239	0.185000
