# start_x	start_y	duration
89	136	0.185000
420	235	0.185000
242	129	0.215000
192	104	0.325000
239	113	0.245000
248	102	0.125000
221	126	0.550000
471	373	0.185000
717	126	0.550000
906	260	0.215000
560	101	0.550000
431	167	0.215000
896	166	0.550000
425	119	0.185000
410	151	0.600000
309	395	0.185000
443	105	0.550000
925	160	0.215000
843	230	0.245000
742	313	0.185000
539	174	0.325000
940	381	0.550000
689	216	0.185000
335	217	0.215000
321	209	0.125000
250	115	0.125000
