# start_x	start_y	duration
189	328	0.215000
21	227	0.215000
190	115	0.215000
160	116	0.185000
81	142	0.375000
75	133	0.245000
76	156	0.185000
204	65	0.090000
235	102	0.125000
310	141	0.325000
120	152	0.550000
251	112	0.215000
607	298	0.125000
576	206	0.280000
882	187	0.125000
957	454	0.245000
410	212	0.185000
