# start_x	start_y	duration
951	289	0.550000
887	258	0.600000
759	183	0.450000
434	141	0.125000
331	103	0.125000
945	190	0.185000
964	166	0.245000
985	180	0.215000
937	280	0.215000
815	233	0.215000
821	404	0.215000
895	216	0.090000
890	325	0.185000
840	215	0.215000
845	219	0.325000
528	334	0.125000
870	280	0.280000
934	198	0.185000
921	230	0.375000
964	234	0.185000
953	189	0.185000
901	489	0.550000
