# start_x	start_y	duration
442	123	0.375000
237	108	0.215000
126	90	0.125000
92	113	0.280000
153	126	0.215000
228	83	0.375000
145	320	0.375000
253	213	0.550000
407	160	0.125000
615	346	0.280000
962	246	0.185000
923	229	0.245000
928	330	0.245000
960	412	0.215000
653	334	0.325000
976	381	0.280000
464	279	0.125000
489	96	0.550000
643	174	0.325000
942	206	0.185000
