# start_x	start_y	duration
956	312	0.550000
821	294	0.550000
325	194	0.550000
129	87	0.280000
100	152	0.245000
107	99	0.125000
956	303	0.450000
923	368	0.280000
987	298	0.185000
678	320	0.185000
517	222	0.215000
678	234	0.550000
184	116	0.125000
403	110	0.185000
29	153	0.215000
409	338	0.280000
307	90	0.215000
842	319	0.185000
945	334	0.280000
928	208	0.215000
967	375	0.245000
968	301	0.215000
