# start_x	start_y	duration
520	316	0.280000
178	95	0.280000
243	124	0.215000
46	161	0.185000
401	468	0.550000
425	112	0.185000
507	344	0.215000
646	441	0.325000
400	387	0.280000
448	325	0.125000
315	129	0.280000
395	113	0.325000
400	365	0.600000
868	233	0.185000
357	111	0.185000
828	378	0.185000
765	381	0.185000
545	306	0.450000
656	263	0.550000
142	113	0.550000
184	109	0.280000
62	367	0.125000
476	291	0.185000
260	279	0.125000
