# start_x	start_y	duration
425	180	0.185000
467	296	0.215000
64	145	0.185000
415	115	0.215000
262	111	0.245000
156	98	0.215000
578	284	0.550000
409	108	0.280000
271	131	0.125000
429	220	0.550000
831	394	0.550000
632	98	0.185000
429	116	0.245000
470	120	0.185000
867	365	0.245000
596	240	0.325000
937	183	0.185000
928	392	0.215000
701	245	0.325000
721	146	0.550000
435	231	0.245000
209	259	0.090000
498	116	0.245000
923	174	0.280000
775	242	0.185000
