# start_x	start_y	duration
153	104	0.125000
485	252	0.215000
465	109	0.245000
957	298	0.185000
500	132	0.125000
590	275	0.185000
732	232	0.550000
957	334	0.245000
539	287	0.215000
401	129	0.450000
162	240	0.215000
231	122	0.550000
101	289	0.245000
200	103	0.550000
410	119	0.550000
564	173	0.280000
373	368	0.550000
342	353	0.125000
254	458	0.125000
365	127	0.550000
