# start_x	start_y	duration
265	568	0.185000
254	589	0.185000
247	370	0.125000
313	566	0.125000
301	329	0.600000
275	52	0.550000
155	37	0.215000
341	22	0.325000
235	318	0.450000
285	152	0.245000
206	933	0.125000
323	760	0.600000
269	756	0.325000
252	579	0.450000
230	818	0.325000
234	727	0.215000
326	0	0.550000
245	156	0.245000
201	568	0.550000
188	108	0.215000
314	50	0.215000
339	43	0.550000
