# start_x	start_y	duration
223	254	0.125000
250	133	0.550000
286	556	0.185000
210	125	0.185000
288	154	0.375000
243	56	0.375000
215	60	0.550000
263	12	0.245000
208	493	0.215000
189	214	0.215000
274	218	0.215000
189	460	0.185000
217	333	0.280000
335	25	0.215000
239	66	0.215000
