# start_x	start_y	duration
251	366	0.280000
174	531	0.125000
177	16	0.550000
329	277	0.245000
263	852	0.185000
296	591	0.215000
212	133	0.185000
314	85	0.245000
247	127	0.215000
264	189	0.125000
270	237	0.185000
317	62	0.375000
288	564	0.550000
197	697	0.280000
202	854	0.375000
231	747	0.550000
259	864	0.215000
326	772	0.125000
336	575	0.215000
211	70	0.245000
257	668	0.215000
245	12	0.280000
