# start_x	start_y	duration
180	2	0.245000
288	906	0.550000
250	866	0.280000
176	91	0.090000
220	79	0.185000
189	43	0.125000
223	347	0.125000
215	56	0.375000
341	41	0.125000
259	708	0.125000
203	975	0.125000
206	972	0.325000
255	404	0.550000
358	612	0.125000
243	479	0.215000
267	156	0.215000
197	27	0.245000
282	231	0.550000
273	118	0.325000
262	64	0.245000
226	56	0.185000
