# start_x	start_y	duration
176	33	0.325000
208	495	0.125000
234	47	0.185000
180	16	0.215000
217	104	0.185000
305	70	0.245000
266	50	0.550000
173	52	0.125000
210	60	0.550000
286	660	0.550000
277	847	0.245000
213	743	0.375000
335	675	0.325000
335	272	0.185000
222	202	0.550000
299	487	0.185000
212	691	0.325000
204	195	0.245000
302	60	0.215000
304	122	0.245000
263	270	0.185000
299	202	0.550000
203	4	0.550000
268	704	0.215000
