# start_x	start_y	duration
300	37	0.550000
273	572	0.125000
303	750	0.125000
266	2	0.185000
193	129	0.325000
254	83	0.125000
202	54	0.215000
233	106	0.325000
193	112	0.215000
296	102	0.185000
326	414	0.550000
265	114	0.245000
292	320	0.550000
203	241	0.245000
187	64	0.280000
319	164	0.280000
309	14	0.450000
319	693	0.185000
197	568	0.550000
