# start_x	start_y	duration
288	389	0.280000
291	147	0.280000
347	102	0.125000
208	81	0.215000
323	14	0.215000
257	47	0.185000
179	102	0.125000
182	85	0.550000
253	508	0.215000
259	787	0.245000
340	920	0.185000
252	839	0.185000
284	875	0.550000
303	745	0.450000
229	502	0.125000
275	97	0.280000
321	125	0.550000
210	327	0.550000
224	343	0.215000
170	91	0.125000
