# start_x	start_y	duration
255	300	0.280000
182	252	0.125000
291	175	0.185000
297	41	0.375000
173	154	0.550000
341	143	0.550000
347	20	0.185000
193	116	0.245000
235	68	0.280000
286	185	0.125000
208	347	0.280000
259	847	0.450000
268	629	0.280000
351	716	0.185000
269	722	0.600000
226	622	0.325000
259	172	0.325000
230	752	0.125000
300	52	0.185000
325	27	0.550000
282	195	0.245000
215	366	0.550000
259	29	0.450000
249	85	0.550000
313	75	0.185000
341	50	0.550000
