# start_x	start_y	duration
197	10	0.325000
279	262	0.185000
201	912	0.550000
161	89	0.375000
237	54	0.450000
189	141	0.185000
238	833	0.125000
179	481	0.215000
168	887	0.215000
296	639	0.550000
229	616	0.280000
261	77	0.325000
300	258	0.185000
228	447	0.550000
265	129	0.185000
292	639	0.185000
266	64	0.215000
264	250	0.550000
277	672	0.185000
203	772	0.550000
170	437	0.185000
352	220	0.125000
