# start_x	start_y	duration
181	122	0.450000
242	247	0.375000
231	547	0.125000
283	631	0.375000
328	800	0.325000
321	20	0.215000
272	472	0.215000
337	497	0.245000
267	768	0.125000
275	756	0.125000
203	939	0.215000
180	85	0.245000
251	529	0.125000
183	229	0.450000
226	43	0.375000
274	443	0.215000
304	54	0.550000
319	56	0.550000
296	81	0.550000
206	364	0.215000
304	118	0.600000
337	27	0.185000
201	72	0.185000
268	114	0.280000
296	129	0.245000
321	120	0.550000
