# start_x	start_y	duration
260	591	0.280000
175	89	0.185000
198	841	0.185000
295	760	0.185000
319	487	0.550000
264	904	0.550000
247	750	0.125000
209	541	0.125000
337	22	0.325000
197	464	0.245000
227	108	0.375000
309	152	0.450000
313	54	0.125000
217	12	0.125000
333	29	0.375000
263	72	0.280000
263	458	0.245000
159	29	0.245000
324	81	0.450000
