# start_x	start_y	duration
335	68	0.550000
160	110	0.245000
246	779	0.125000
209	56	0.375000
243	89	0.185000
163	125	0.245000
246	202	0.245000
226	79	0.550000
235	135	0.245000
222	939	0.550000
301	135	0.185000
320	75	0.550000
313	77	0.280000
208	104	0.550000
250	429	0.325000
329	27	0.215000
251	247	0.550000
322	358	0.550000
315	595	0.185000
248	416	0.185000
275	41	0.325000
261	266	0.450000
279	197	0.185000
304	18	0.550000
295	431	0.245000
195	195	0.550000
304	91	0.280000
