# start_x	start_y	duration
285	364	0.185000
160	29	0.550000
209	89	0.185000
189	29	0.325000
280	100	0.325000
178	425	0.185000
152	52	0.185000
267	552	0.375000
247	754	0.550000
303	433	0.125000
244	18	0.215000
185	216	0.125000
201	435	0.325000
221	966	0.090000
262	62	0.215000
325	435	0.185000
274	883	0.185000
288	79	0.550000
168	116	0.185000
234	131	0.550000
311	191	0.125000
195	329	0.550000
193	491	0.125000
291	885	0.375000
325	700	0.185000
180	243	0.125000
341	516	0.215000
199	537	0.125000
