# start_x	start_y	duration
306	133	0.550000
304	64	0.325000
316	416	0.550000
210	56	0.280000
199	85	0.125000
254	110	0.215000
337	202	0.550000
289	89	0.090000
315	600	0.185000
265	445	0.215000
222	139	0.245000
231	227	0.215000
329	75	0.550000
245	179	0.325000
217	75	0.550000
329	133	0.125000
289	243	0.550000
245	162	0.185000
274	252	0.550000
352	629	0.375000
