# start_x	start_y	duration
243	445	0.215000
320	691	0.550000
226	591	0.185000
187	129	0.280000
223	85	0.185000
227	43	0.550000
173	89	0.185000
198	162	0.215000
262	231	0.450000
253	158	0.325000
277	52	0.450000
268	287	0.450000
332	125	0.550000
364	572	0.185000
288	539	0.325000
198	6	0.550000
206	162	0.375000
219	887	0.125000
262	247	0.450000
