# start_x	start_y	duration
288	260	0.090000
238	297	0.550000
237	300	0.550000
185	287	0.215000
212	14	0.550000
164	50	0.125000
286	56	0.125000
214	212	0.185000
327	281	0.550000
193	89	0.550000
257	106	0.185000
176	175	0.245000
218	56	0.550000
309	393	0.550000
208	504	0.550000
194	810	0.185000
201	877	0.550000
203	702	0.280000
325	429	0.245000
333	77	0.325000
209	470	0.185000
218	108	0.280000
271	60	0.090000
179	52	0.215000
