# start_x	start_y	duration
306	775	0.550000
245	222	0.215000
340	100	0.550000
247	4	0.215000
188	39	0.125000
186	300	0.550000
248	158	0.185000
309	27	0.185000
230	114	0.280000
247	527	0.245000
271	743	0.215000
255	560	0.215000
232	768	0.550000
210	129	0.125000
324	87	0.550000
215	645	0.280000
320	804	0.215000
285	766	0.245000
283	818	0.185000
288	875	0.245000
243	389	0.185000
240	845	0.550000
296	737	0.215000
191	870	0.325000
295	552	0.375000
