# start_x	start_y	duration
237	487	0.280000
309	791	0.550000
304	814	0.185000
328	179	0.125000
315	16	0.125000
271	20	0.215000
247	18	0.450000
339	412	0.125000
241	912	0.185000
252	522	0.215000
291	260	0.550000
288	293	0.125000
325	158	0.550000
300	37	0.550000
192	16	0.550000
232	595	0.245000
205	927	0.280000
233	258	0.550000
283	552	0.215000
214	33	0.600000
275	22	0.325000
217	812	0.280000
266	141	0.375000
