# start_x	start_y	duration
271	550	0.325000
338	14	0.245000
204	170	0.550000
312	50	0.090000
247	14	0.125000
255	47	0.550000
177	68	0.550000
217	129	0.125000
241	487	0.125000
276	339	0.600000
265	195	0.125000
255	500	0.185000
244	597	0.185000
250	347	0.215000
309	391	0.185000
226	31	0.125000
270	18	0.215000
324	20	0.550000
206	220	0.185000
297	191	0.125000
269	139	0.090000
223	104	0.550000
323	141	0.245000
327	37	0.245000
