# start_x	start_y	duration
73	121	0.125000
118	215	0.215000
25	78	0.125000
65	140	0.185000
143	155	0.245000
60	120	0.245000
162	110	0.125000
567	428	0.280000
181	247	0.245000
120	109	0.185000
754	238	0.125000
226	97	0.550000
260	211	0.550000
129	143	0.215000
68	165	0.215000
226	410	0.600000
123	137	0.550000
237	180	0.325000
171	165	0.375000
329	211	0.600000
267	93	0.245000
379	131	0.185000
129	185	0.280000
125	191	0.245000
115	190	0.090000
195	170	0.550000
142	161	0.090000
