# start_x	start_y	duration
976	322	0.600000
826	266	0.185000
754	228	0.185000
214	172	0.550000
310	158	0.125000
114	146	0.325000
43	202	0.280000
103	164	0.550000
351	195	0.550000
976	182	0.125000
985	322	0.125000
970	404	0.550000
848	360	0.550000
932	193	0.185000
957	389	0.185000
559	410	0.600000
135	78	0.325000
107	150	0.550000
28	171	0.215000
