# start_x	start_y	duration
579	262	0.125000
601	315	0.185000
506	265	0.125000
118	92	0.550000
114	151	0.280000
235	110	0.450000
309	187	0.245000
31	118	0.185000
270	198	0.375000
200	99	0.215000
375	95	0.375000
343	190	0.185000
303	194	0.215000
270	212	0.125000
395	350	0.375000
370	293	0.600000
862	160	0.185000
976	167	0.550000
820	374	0.245000
871	276	0.550000
901	322	0.125000
851	414	0.125000
954	405	0.215000
350	416	0.125000
190	174	0.600000
