# start_x	start_y	duration
485	274	0.125000
428	186	0.215000
153	100	0.245000
78	168	0.215000
40	146	0.325000
235	111	0.215000
921	281	0.375000
548	320	0.245000
1	439	0.550000
239	190	0.245000
590	369	0.185000
731	404	0.375000
759	295	0.450000
937	227	0.215000
950	178	0.185000
837	310	0.125000
501	154	0.550000
795	357	0.375000
926	426	0.375000
810	377	0.215000
648	194	0.185000
