# start_x	start_y	duration
185	152	0.280000
465	219	0.125000
231	129	0.185000
254	92	0.185000
317	103	0.375000
43	187	0.325000
170	97	0.185000
57	172	0.245000
78	163	0.125000
287	168	0.215000
267	174	0.550000
160	134	0.245000
228	99	0.450000
360	107	0.090000
281	180	0.215000
132	172	0.245000
304	63	0.125000
370	140	0.550000
159	181	0.215000
275	180	0.215000
