# start_x	start_y	duration
309	109	0.450000
454	377	0.245000
259	118	0.125000
98	107	0.125000
178	206	0.280000
145	76	0.215000
209	177	0.550000
93	211	0.375000
934	187	0.550000
950	204	0.280000
960	364	0.215000
596	315	0.185000
939	216	0.185000
912	326	0.215000
951	417	0.245000
539	416	0.550000
198	167	0.600000
204	164	0.185000
81	347	0.215000
209	408	0.450000
712	252	0.215000
828	236	0.185000
870	449	0.550000
