# start_x	start_y	duration
115	194	0.600000
156	69	0.215000
250	170	0.245000
279	163	0.245000
214	160	0.280000
321	194	0.550000
204	187	0.325000
125	120	0.550000
167	117	0.185000
148	100	0.185000
146	197	0.185000
57	219	0.125000
82	96	0.125000
168	154	0.125000
50	166	0.125000
126	185	0.375000
971	246	0.125000
792	306	0.185000
832	372	0.185000
909	382	0.550000
907	439	0.185000
456	348	0.550000
62	202	0.450000
256	109	0.215000
915	374	0.215000
742	246	0.550000
