# start_x	start_y	duration
500	292	0.215000
528	247	0.125000
682	251	0.280000
242	92	0.550000
323	164	0.280000
171	109	0.215000
135	201	0.450000
276	97	0.185000
221	167	0.550000
145	186	0.185000
71	102	0.550000
160	100	0.245000
321	206	0.280000
239	145	0.280000
34	306	0.215000
479	410	0.185000
201	449	0.185000
410	225	0.125000
914	139	0.550000
328	287	0.280000
95	163	0.215000
59	394	0.185000
89	296	0.185000
168	353	0.185000
115	167	0.185000
