# start_x	start_y	duration
540	287	0.280000
882	193	0.125000
978	229	0.550000
932	380	0.550000
298	90	0.450000
256	120	0.375000
193	310	0.125000
148	306	0.550000
215	167	0.450000
346	133	0.325000
442	204	0.375000
168	140	0.185000
181	166	0.550000
215	168	0.185000
39	185	0.550000
129	177	0.125000
476	297	0.450000
810	417	0.550000
503	283	0.245000
