# start_x	start_y	duration
376	364	0.550000
398	368	0.125000
882	425	0.185000
896	319	0.550000
114	79	0.325000
167	168	0.280000
307	123	0.185000
192	133	0.550000
29	361	0.215000
226	471	0.325000
95	178	0.215000
325	184	0.185000
165	195	0.245000
71	186	0.245000
215	276	0.185000
181	153	0.375000
260	86	0.450000
464	194	0.125000
270	357	0.125000
50	105	0.185000
387	253	0.550000
279	180	0.550000
229	181	0.280000
46	147	0.280000
