# start_x	start_y	duration
675	228	0.280000
518	165	0.090000
314	104	0.185000
112	187	0.185000
243	112	0.550000
245	179	0.325000
275	241	0.550000
114	471	0.550000
453	317	0.215000
732	324	0.090000
962	252	0.245000
642	304	0.185000
982	220	0.185000
210	188	0.450000
196	202	0.185000
26	126	0.550000
160	195	0.185000
