# start_x	start_y	duration
660	241	0.215000
445	290	0.125000
306	166	0.280000
67	168	0.185000
337	188	0.215000
75	125	0.550000
192	141	0.375000
84	87	0.550000
304	139	0.125000
150	131	0.325000
732	356	0.450000
873	397	0.325000
51	141	0.550000
82	171	0.325000
59	155	0.280000
75	92	0.245000
121	178	0.215000
112	416	0.185000
878	337	0.280000
529	267	0.215000
340	126	0.550000
632	287	0.325000
762	227	0.185000
887	315	0.280000
740	314	0.125000
