# start_x	start_y	duration
878	308	0.550000
926	171	0.185000
432	165	0.375000
395	84	0.125000
62	285	0.550000
265	399	0.550000
353	399	0.125000
126	141	0.280000
96	300	0.550000
310	160	0.215000
414	185	0.550000
42	187	0.215000
229	85	0.125000
443	175	0.245000
257	171	0.125000
248	236	0.215000
365	98	0.125000
403	391	0.550000
70	299	0.215000
175	114	0.125000
153	174	0.185000
192	109	0.215000
0	202	0.550000
