# start_x	start_y	duration
617	269	0.125000
379	273	0.245000
184	136	0.280000
243	73	0.550000
240	158	0.185000
301	171	0.245000
156	105	0.600000
270	124	0.125000
168	192	0.185000
609	270	0.185000
395	480	0.850000
