# start_x	start_y	duration
43	116	0.450000
203	181	0.550000
143	153	0.325000
281	180	0.185000
250	165	0.550000
35	200	0.550000
4	132	0.185000
29	188	0.125000
535	240	0.215000
893	300	0.185000
967	178	0.125000
940	201	0.325000
839	229	0.125000
359	184	0.125000
151	104	0.550000
150	131	0.550000
126	138	0.215000
39	389	0.125000
89	246	0.550000
