# start_x	start_y	duration
498	224	0.125000
457	283	0.125000
462	304	0.125000
82	124	0.325000
218	167	0.550000
151	182	0.325000
257	211	0.185000
21	107	0.125000
339	158	0.550000
106	171	0.185000
40	159	0.550000
82	123	0.325000
84	184	0.125000
385	198	0.550000
740	387	0.125000
