# start_x	start_y	duration
290	96	0.185000
479	321	0.215000
250	182	0.215000
351	177	0.280000
225	179	0.375000
87	103	0.215000
365	93	0.280000
335	190	0.245000
412	150	0.245000
84	93	0.125000
243	185	0.245000
379	109	0.125000
331	164	0.185000
695	299	0.280000
943	272	0.375000
945	385	0.185000
985	382	0.600000
973	164	0.550000
896	198	0.550000
803	241	0.185000
954	226	0.185000
964	246	0.550000
848	199	0.215000
