# start_x	start_y	duration
390	267	0.375000
470	316	0.125000
954	392	0.550000
985	368	0.125000
956	442	0.125000
914	285	0.245000
662	236	0.215000
675	322	0.325000
346	90	0.550000
90	157	0.215000
198	299	0.125000
910	283	0.125000
751	304	0.215000
996	110	0.280000
