# start_x	start_y	duration
145	192	0.550000
275	193	0.375000
159	206	0.125000
518	212	0.215000
154	83	0.280000
104	110	0.185000
143	146	0.185000
226	175	0.550000
148	160	0.450000
214	153	0.185000
329	107	0.125000
248	160	0.215000
656	340	0.280000
742	286	0.280000
968	289	0.550000
921	334	0.185000
946	376	0.185000
907	109	0.215000
923	164	0.550000
881	335	0.245000
768	281	0.185000
603	307	0.600000
