# start_x	start_y	duration
531	322	0.215000
376	243	0.245000
620	136	0.375000
951	487	0.125000
701	456	0.215000
967	496	0.185000
893	125	0.125000
810	137	0.185000
343	78	0.125000
31	149	0.550000
68	105	0.185000
232	221	0.245000
550	206	0.215000
623	199	0.550000
598	113	0.280000
664	111	0.550000
573	136	0.280000
198	114	0.215000
150	91	0.185000
168	94	0.125000
731	168	0.550000
700	76	0.185000
995	454	0.215000
