# start_x	start_y	duration
475	279	0.215000
159	84	0.125000
125	121	0.185000
271	53	0.215000
204	149	0.280000
109	39	0.125000
70	87	0.325000
314	128	0.325000
503	134	0.550000
181	152	0.280000
325	125	0.245000
268	133	0.185000
398	138	0.185000
78	53	0.450000
248	226	0.280000
817	326	0.375000
871	483	0.550000
909	324	0.125000
418	408	0.550000
787	490	0.215000
903	156	0.245000
715	132	0.325000
264	288	0.280000
132	94	0.280000
48	206	0.185000
