# start_x	start_y	duration
482	343	0.280000
73	113	0.125000
203	68	0.215000
356	304	0.215000
209	183	0.090000
123	45	0.550000
382	210	0.185000
104	78	0.325000
414	172	0.185000
120	250	0.125000
93	126	0.550000
50	532	0.125000
417	156	0.185000
378	148	0.280000
517	169	0.550000
982	415	0.125000
893	470	0.185000
693	241	0.185000
815	130	0.185000
925	421	0.550000
579	221	0.550000
590	474	0.215000
926	102	0.185000
893	549	0.125000
181	452	0.125000
256	74	0.280000
129	103	0.185000
