# start_x	start_y	duration
431	163	0.125000
598	291	0.550000
498	398	0.550000
895	121	0.450000
704	310	0.185000
950	358	0.215000
981	362	0.185000
937	327	0.280000
585	129	0.125000
273	146	0.090000
56	91	0.215000
362	68	0.125000
425	130	0.215000
984	319	0.550000
912	165	0.215000
596	180	0.550000
373	184	0.245000
564	79	0.325000
539	355	0.125000
