# start_x	start_y	duration
545	257	0.185000
457	292	0.215000
912	434	0.185000
875	105	0.245000
881	122	0.185000
915	173	0.550000
889	506	0.280000
668	137	0.215000
650	138	0.185000
132	126	0.550000
425	84	0.325000
151	82	0.550000
143	223	0.185000
84	68	0.245000
82	83	0.325000
112	119	0.215000
182	285	0.215000
121	114	0.125000
356	126	0.185000
28	114	0.450000
501	146	0.245000
245	167	0.550000
560	157	0.215000
301	106	0.550000
421	83	0.245000
