# start_x	start_y	duration
460	223	0.215000
459	133	0.280000
264	148	0.550000
418	95	0.185000
137	72	0.550000
35	202	0.245000
556	438	0.185000
928	419	0.185000
648	531	0.185000
906	319	0.125000
973	130	0.185000
803	358	0.125000
282	88	0.245000
960	258	0.550000
812	533	0.550000
748	541	0.185000
479	128	0.185000
495	156	0.375000
271	44	0.215000
256	119	0.280000
429	78	0.550000
276	334	0.550000
250	281	0.090000
57	287	0.185000
