# start_x	start_y	duration
348	64	0.325000
73	198	0.185000
387	67	0.125000
735	130	0.245000
303	126	0.600000
40	140	0.125000
203	52	0.185000
160	114	0.215000
175	148	0.125000
682	138	0.245000
956	115	0.280000
979	97	0.185000
890	165	0.850000
892	124	0.550000
835	349	0.245000
793	280	0.215000
890	405	0.280000
865	161	0.125000
932	161	0.600000
950	119	0.280000
493	126	0.245000
