# start_x	start_y	duration
573	390	0.125000
464	161	0.125000
337	98	0.215000
109	142	0.550000
239	285	0.325000
179	110	0.325000
279	66	0.185000
262	257	0.850000
548	318	0.280000
890	421	0.550000
759	95	0.215000
540	129	0.125000
243	88	0.185000
784	91	0.280000
973	225	0.185000
909	133	0.185000
731	117	0.550000
431	261	0.185000
275	358	0.125000
200	129	0.185000
246	141	0.550000
425	117	0.125000
523	115	0.125000
