# start_x	start_y	duration
400	404	0.550000
534	126	0.185000
743	149	0.125000
214	70	0.245000
126	206	0.215000
98	134	0.375000
117	57	0.185000
367	155	0.550000
170	386	0.600000
235	505	0.215000
118	451	0.215000
118	101	0.550000
84	117	0.550000
160	122	0.215000
634	202	0.550000
723	164	0.245000
65	132	0.550000
454	141	0.550000
465	268	0.185000
676	141	0.185000
398	350	0.550000
342	390	0.550000
123	477	0.125000
171	442	0.245000
