# start_x	start_y	duration
485	223	0.215000
206	110	0.550000
106	68	0.450000
39	33	0.245000
365	163	0.215000
515	137	0.550000
584	381	0.215000
578	78	0.375000
481	80	0.550000
848	363	0.215000
843	451	0.215000
615	106	0.185000
526	113	0.280000
178	138	0.185000
329	134	0.125000
240	119	0.280000
257	47	0.185000
442	110	0.245000
879	144	0.550000
590	137	0.280000
660	279	0.215000
967	243	0.185000
