# start_x	start_y	duration
503	144	0.550000
76	97	0.215000
178	130	0.280000
165	78	0.185000
178	95	0.550000
954	202	0.375000
943	281	0.550000
893	142	0.125000
820	378	0.245000
818	323	0.550000
882	400	0.125000
485	90	0.125000
601	145	0.185000
935	125	0.375000
845	128	0.185000
748	559	0.185000
482	351	0.550000
184	115	0.185000
984	146	0.185000
