# start_x	start_y	duration
282	559	0.125000
56	119	0.550000
181	90	0.280000
398	115	0.245000
287	91	0.280000
103	126	0.550000
482	417	0.280000
193	334	0.280000
390	237	0.245000
910	155	0.185000
345	230	0.375000
189	93	0.185000
239	421	0.125000
137	90	0.090000
698	145	0.215000
356	142	0.375000
257	388	0.215000
200	155	0.125000
126	136	0.185000
679	124	0.550000
810	303	0.245000
950	463	0.245000
756	416	0.375000
