# start_x	start_y	duration
515	312	0.280000
200	109	0.280000
126	225	0.280000
526	130	0.550000
895	128	0.125000
953	167	0.280000
878	241	0.550000
889	160	0.185000
876	501	0.185000
671	420	0.185000
600	137	0.325000
710	400	0.090000
640	467	0.185000
968	397	0.185000
717	415	0.125000
684	138	0.185000
929	153	0.280000
967	394	0.185000
971	431	0.125000
971	396	0.550000
700	444	0.125000
971	367	0.280000
881	359	0.550000
423	184	0.280000
