# start_x	start_y	duration
467	358	0.185000
465	314	0.185000
445	98	0.550000
412	80	0.280000
10	169	0.125000
140	140	0.215000
539	180	0.245000
332	394	0.550000
315	525	0.125000
492	529	0.215000
667	460	0.125000
559	361	0.325000
885	435	0.375000
896	167	0.185000
643	145	0.185000
898	447	0.185000
964	578	0.325000
870	157	0.280000
675	172	0.325000
389	140	0.185000
659	144	0.185000
656	354	0.125000
946	446	0.185000
446	591	0.550000
420	412	0.125000
364	128	0.185000
867	99	0.185000
