# start_x	start_y	duration
498	276	0.280000
104	76	0.325000
92	83	0.185000
109	44	0.090000
312	72	0.215000
81	80	0.280000
109	84	0.550000
284	137	0.185000
229	171	0.215000
439	95	0.550000
292	347	0.215000
282	413	0.185000
203	80	0.125000
75	132	0.245000
50	362	0.280000
203	285	0.280000
370	173	0.280000
137	171	0.125000
192	88	0.550000
182	141	0.185000
432	137	0.450000
951	377	0.375000
