# start_x	start_y	duration
312	288	0.245000
253	70	0.245000
200	106	0.215000
431	82	0.215000
48	75	0.550000
185	70	0.280000
443	165	0.325000
693	257	0.185000
382	514	0.185000
315	204	0.215000
873	262	0.125000
762	124	0.280000
890	128	0.125000
460	397	0.185000
139	146	0.125000
453	75	0.280000
214	132	0.185000
614	165	0.280000
426	118	0.280000
451	310	0.280000
334	141	0.125000
415	304	0.185000
164	153	0.125000
