# start_x	start_y	duration
460	324	0.215000
345	296	0.125000
175	346	0.215000
68	80	0.550000
443	105	0.125000
546	169	0.125000
684	107	0.245000
253	99	0.185000
953	106	0.185000
781	87	0.185000
900	117	0.550000
867	160	0.550000
495	113	0.550000
84	102	0.185000
706	109	0.185000
915	408	0.450000
921	270	0.125000
982	455	0.185000
285	210	0.125000
396	261	0.600000
487	365	0.125000
651	370	0.125000
323	403	0.550000
89	442	0.215000
