# start_x	start_y	duration
417	277	0.325000
93	118	0.550000
92	88	0.125000
37	122	0.185000
187	82	0.185000
9	145	0.185000
123	79	0.215000
115	117	0.215000
295	109	0.280000
21	115	0.375000
229	246	0.125000
471	137	0.280000
209	118	0.550000
362	208	0.125000
67	114	0.550000
215	330	0.185000
229	186	0.280000
348	148	0.550000
395	140	0.325000
935	206	0.215000
981	413	0.245000
