# start_x	start_y	duration
484	268	0.090000
410	330	0.185000
332	75	0.325000
35	86	0.550000
190	64	0.325000
420	63	0.325000
103	75	0.125000
215	48	0.215000
240	411	0.375000
171	521	0.185000
592	141	0.185000
900	125	0.185000
728	134	0.215000
482	110	0.185000
65	88	0.550000
440	122	0.185000
189	145	0.550000
889	261	0.280000
787	289	0.245000
842	148	0.550000
950	454	0.125000
657	136	0.550000
659	134	0.125000
