# start_x	start_y	duration
184	43	0.375000
479	182	0.125000
65	46	0.125000
218	333	0.550000
525	67	0.185000
518	86	0.550000
687	357	0.550000
381	316	0.550000
545	115	0.280000
179	93	0.280000
200	108	0.280000
365	299	0.550000
628	274	0.185000
510	374	0.215000
43	516	0.185000
307	271	0.280000
46	299	0.375000
264	226	0.125000
148	234	0.550000
200	213	0.185000
384	193	0.125000
215	93	0.185000
