# start_x	start_y	duration
340	172	0.125000
353	304	0.550000
156	111	0.550000
284	234	0.600000
621	100	0.185000
989	333	0.185000
801	546	0.185000
837	380	0.185000
414	173	0.245000
195	123	0.550000
51	587	0.550000
415	282	0.325000
339	217	0.185000
423	226	0.280000
153	25	0.245000
168	309	0.125000
320	90	0.375000
182	181	0.550000
490	437	0.325000
381	526	0.185000
221	642	0.550000
89	519	0.550000
425	240	0.550000
690	277	0.325000
553	83	0.125000
429	137	0.185000
306	390	0.125000
200	459	0.185000
