# start_x	start_y	duration
540	107	0.550000
325	80	0.600000
89	328	0.185000
10	63	0.215000
393	26	0.090000
471	66	0.185000
168	57	0.125000
123	299	0.185000
207	264	0.550000
696	316	0.280000
882	626	0.185000
646	96	0.185000
496	89	0.215000
482	265	0.450000
648	439	0.245000
787	161	0.600000
864	312	0.215000
426	193	0.125000
476	229	0.325000
40	568	0.215000
181	401	0.215000
154	461	0.125000
321	397	0.125000
415	118	0.550000
