# start_x	start_y	duration
448	359	0.185000
465	295	0.125000
471	331	0.125000
382	355	0.215000
537	376	0.550000
289	563	0.245000
42	568	0.325000
243	407	0.215000
325	424	0.550000
812	297	0.550000
662	291	0.185000
792	264	0.280000
882	215	0.550000
509	110	0.550000
503	315	0.245000
418	56	0.185000
445	281	0.185000
273	551	0.245000
