# start_x	start_y	duration
267	200	0.245000
521	297	0.245000
201	49	0.215000
312	104	0.600000
462	263	0.550000
432	340	0.550000
115	417	0.185000
270	527	0.550000
165	306	0.215000
392	360	0.245000
317	328	0.125000
229	258	0.125000
420	117	0.375000
442	343	0.450000
246	257	0.215000
367	185	0.215000
115	547	0.185000
250	376	0.215000
153	234	0.245000
93	430	0.550000
464	478	0.215000
779	179	0.245000
467	386	0.550000
