# start_x	start_y	duration
446	123	0.125000
512	342	0.185000
187	571	0.550000
162	372	0.215000
279	216	0.550000
120	96	0.550000
142	364	0.125000
284	454	0.550000
129	486	0.215000
76	500	0.550000
243	342	0.185000
73	372	0.125000
490	223	0.245000
429	379	0.215000
346	611	0.550000
117	468	0.185000
226	134	0.550000
415	103	0.215000
490	63	0.185000
571	461	0.245000
221	623	0.245000
895	445	0.600000
473	333	0.215000
