# start_x	start_y	duration
85	33	0.125000
473	231	0.215000
228	137	0.280000
348	100	0.450000
810	80	0.215000
896	198	0.550000
726	257	0.325000
395	437	0.600000
609	318	0.550000
523	403	0.550000
840	517	0.185000
714	394	0.550000
895	114	0.215000
531	149	0.550000
134	390	0.215000
203	59	0.215000
178	260	0.215000
270	630	0.280000
223	632	0.125000
182	499	0.215000
48	478	0.375000
139	554	0.125000
39	596	0.375000
167	548	0.125000
