# start_x	start_y	duration
131	38	0.550000
479	215	0.125000
531	65	0.550000
889	455	0.245000
662	110	0.245000
443	72	0.280000
715	325	0.550000
729	345	0.215000
898	154	0.215000
870	195	0.280000
932	103	0.280000
809	93	0.280000
381	77	0.185000
515	96	0.185000
368	190	0.185000
100	142	0.280000
246	132	0.215000
231	185	0.245000
