# start_x	start_y	duration
906	111	0.550000
893	271	0.185000
382	60	0.185000
503	113	0.185000
517	67	0.185000
520	312	0.450000
203	538	0.450000
125	159	0.245000
256	292	0.550000
131	99	0.245000
396	118	0.090000
601	253	0.375000
462	76	0.125000
418	59	0.550000
312	370	0.280000
645	76	0.550000
743	94	0.280000
421	43	0.325000
762	118	0.215000
942	103	0.185000
484	91	0.280000
739	182	0.185000
785	347	0.245000
773	340	0.325000
485	370	0.185000
685	478	0.215000
329	213	0.215000
237	280	0.185000
