# start_x	start_y	duration
423	84	0.375000
521	76	0.280000
617	32	0.185000
518	63	0.375000
839	275	0.215000
387	134	0.550000
145	118	0.185000
521	84	0.215000
879	503	0.550000
985	278	0.245000
687	89	0.215000
782	62	0.215000
890	456	0.550000
862	503	0.245000
584	413	0.185000
101	516	0.125000
98	495	0.450000
285	407	0.185000
120	505	0.215000
123	367	0.280000
156	241	0.375000
385	120	0.185000
98	572	0.550000
