# start_x	start_y	duration
523	338	0.215000
714	236	0.325000
368	305	0.185000
510	80	0.550000
478	195	0.215000
353	372	0.185000
492	101	0.550000
654	349	0.550000
540	125	0.550000
631	289	0.550000
853	155	0.185000
781	447	0.215000
582	73	0.550000
279	215	0.280000
596	298	0.185000
590	114	0.550000
459	282	0.550000
831	452	0.125000
764	401	0.325000
481	274	0.375000
100	499	0.325000
51	507	0.185000
207	557	0.280000
359	338	0.185000
