# start_x	start_y	duration
156	52	0.550000
168	56	0.550000
546	110	0.185000
646	359	0.245000
428	82	0.215000
900	111	0.185000
768	79	0.215000
520	178	0.550000
418	305	0.125000
434	342	0.325000
354	451	0.215000
473	311	0.450000
439	397	0.125000
331	83	0.185000
546	305	0.550000
512	319	0.215000
954	270	0.125000
778	110	0.215000
995	131	0.125000
640	42	0.550000
435	165	0.550000
492	256	0.280000
