# start_x	start_y	duration
207	87	0.450000
565	103	0.125000
523	73	0.125000
95	314	0.450000
320	349	0.245000
120	441	0.215000
270	76	0.325000
200	100	0.185000
134	332	0.125000
276	264	0.125000
864	239	0.125000
907	157	0.125000
490	89	0.125000
157	74	0.550000
514	253	0.185000
725	127	0.125000
684	130	0.550000
504	326	0.185000
318	305	0.550000
