# start_x	start_y	duration
475	223	0.215000
482	339	0.125000
476	325	0.125000
267	428	0.550000
243	427	0.375000
501	59	0.245000
221	100	0.185000
228	237	0.185000
432	72	0.215000
234	521	0.185000
328	65	0.215000
495	335	0.185000
809	364	0.245000
879	391	0.550000
606	135	0.245000
190	241	0.550000
345	223	0.125000
481	182	0.185000
448	304	0.600000
