# start_x	start_y	duration
482	332	0.125000
264	370	0.550000
118	613	0.185000
100	342	0.450000
495	83	0.245000
603	258	0.245000
423	72	0.280000
260	305	0.185000
100	553	0.185000
339	219	0.550000
553	100	0.215000
592	138	0.185000
184	84	0.550000
359	263	0.215000
500	360	0.550000
321	533	0.280000
687	374	0.550000
778	99	0.125000
742	251	0.215000
796	288	0.550000
743	295	0.185000
387	84	0.215000
223	130	0.450000
