# start_x	start_y	duration
520	278	0.090000
648	25	0.550000
284	381	0.550000
909	124	0.325000
781	140	0.245000
528	67	0.125000
731	363	0.185000
918	629	0.450000
320	601	0.550000
414	314	0.185000
70	86	0.125000
242	154	0.550000
184	76	0.325000
250	609	0.325000
170	606	0.325000
464	575	0.550000
687	322	0.215000
973	369	0.185000
493	386	0.325000
418	410	0.185000
