# start_x	start_y	duration
287	415	0.550000
293	448	0.550000
142	575	0.550000
92	514	0.325000
178	588	0.375000
206	380	0.185000
242	309	0.325000
500	196	0.185000
723	104	0.280000
415	120	0.125000
484	227	0.185000
776	502	0.550000
878	100	0.125000
876	59	0.325000
943	250	0.185000
689	425	0.125000
604	288	0.280000
292	428	0.215000
803	90	0.550000
