# start_x	start_y	duration
313	193	0.215000
328	375	0.550000
249	54	0.185000
199	402	0.185000
235	535	0.550000
311	818	0.185000
453	775	0.125000
458	320	0.185000
267	189	0.550000
220	450	0.550000
232	943	0.280000
327	345	0.125000
316	775	0.215000
307	431	0.125000
370	589	0.090000
464	535	0.090000
475	391	0.125000
293	177	0.280000
263	162	0.185000
393	218	0.280000
