# start_x	start_y	duration
268	191	0.185000
308	454	0.245000
375	22	0.375000
440	272	0.215000
256	27	0.125000
252	150	0.215000
447	802	0.185000
364	304	0.215000
470	760	0.125000
526	337	0.125000
397	131	0.850000
460	662	0.325000
470	814	0.550000
217	468	0.185000
204	306	0.245000
307	45	0.215000
426	37	0.550000
453	639	0.550000
347	947	0.450000
363	814	0.215000
348	945	0.125000
252	816	0.245000
