# start_x	start_y	duration
233	4	0.550000
527	152	0.450000
481	239	0.215000
369	614	0.215000
263	775	0.245000
284	633	0.325000
201	781	0.090000
261	739	0.185000
445	518	0.550000
422	454	0.215000
440	743	0.125000
496	216	0.550000
482	354	0.185000
444	216	0.600000
517	377	0.245000
491	168	0.325000
471	541	0.125000
353	810	0.185000
399	420	0.550000
320	806	0.125000
504	785	0.125000
424	606	0.215000
515	891	0.550000
420	866	0.325000
205	847	0.125000
