# start_x	start_y	duration
354	483	0.215000
374	306	0.185000
479	316	0.125000
321	195	0.550000
221	8	0.185000
321	166	0.325000
264	170	0.125000
489	397	0.215000
463	312	0.185000
526	529	0.185000
454	339	0.550000
474	291	0.215000
470	206	0.125000
504	710	0.550000
330	612	0.325000
210	412	0.280000
494	666	0.325000
421	606	0.215000
337	191	0.185000
291	283	0.280000
245	489	0.215000
193	37	0.375000
537	331	0.245000
389	870	0.325000
230	864	0.450000
