# start_x	start_y	duration
378	508	0.090000
361	531	0.215000
332	518	0.185000
516	64	0.280000
482	862	0.185000
283	506	0.280000
481	66	0.215000
214	0	0.280000
282	62	0.090000
271	4	0.125000
218	504	0.550000
341	93	0.280000
357	272	0.185000
458	233	0.550000
500	270	0.550000
444	195	0.550000
405	93	0.125000
349	568	0.245000
