# start_x	start_y	duration
290	456	0.325000
214	41	0.550000
313	166	0.215000
344	191	0.215000
234	60	0.550000
389	56	0.125000
315	400	0.550000
395	575	0.125000
511	547	0.550000
508	377	0.185000
356	741	0.550000
393	920	0.185000
337	631	0.600000
320	291	0.125000
401	445	0.550000
378	791	0.280000
511	381	0.245000
231	29	0.550000
