# start_x	start_y	duration
338	606	0.215000
359	541	0.280000
350	116	0.280000
189	64	0.245000
359	41	0.280000
403	156	0.125000
287	941	0.185000
330	227	0.550000
521	668	0.185000
403	779	0.185000
226	741	0.280000
463	518	0.185000
483	266	0.280000
461	210	0.280000
512	362	0.550000
492	312	0.550000
520	200	0.185000
439	989	0.125000
474	464	0.550000
398	689	0.185000
395	904	0.550000
378	302	0.550000
309	693	0.245000
