# start_x	start_y	duration
375	506	0.280000
385	804	0.245000
364	112	0.600000
472	191	0.550000
477	510	0.245000
469	795	0.600000
433	456	0.280000
310	341	0.125000
348	302	0.245000
265	179	0.325000
289	466	0.550000
259	562	0.125000
293	772	0.090000
311	787	0.125000
471	581	0.215000
531	604	0.215000
498	800	0.550000
504	393	0.550000
469	237	0.550000
516	295	0.550000
527	506	0.325000
515	347	0.550000
341	404	0.215000
442	152	0.215000
