# start_x	start_y	duration
211	68	0.185000
445	27	0.550000
407	100	0.325000
275	110	0.325000
423	518	0.550000
496	475	0.125000
208	887	0.125000
225	841	0.185000
262	831	0.185000
301	533	0.215000
194	137	0.550000
178	220	0.245000
203	47	0.550000
487	260	0.325000
349	437	0.245000
507	127	0.280000
429	402	0.215000
386	535	0.215000
367	137	0.550000
315	164	0.550000
358	27	0.245000
237	418	0.325000
273	458	0.185000
385	518	0.550000
211	385	0.280000
309	220	0.185000
