# start_x	start_y	duration
380	79	0.125000
432	414	0.125000
368	487	0.185000
555	795	0.550000
320	529	0.215000
323	39	0.185000
252	35	0.125000
398	31	0.215000
508	31	0.325000
268	187	0.185000
289	147	0.245000
354	375	0.185000
315	868	0.090000
506	700	0.325000
497	189	0.550000
474	18	0.245000
385	487	0.185000
518	72	0.280000
519	225	0.215000
451	385	0.325000
198	327	0.245000
