# start_x	start_y	duration
325	577	0.375000
211	677	0.185000
387	64	0.090000
398	172	0.125000
414	725	0.245000
365	650	0.280000
328	658	0.280000
327	433	0.550000
487	304	0.185000
415	927	0.550000
430	406	0.550000
447	318	0.185000
462	364	0.185000
513	316	0.215000
265	145	0.215000
319	95	0.125000
369	577	0.185000
317	150	0.185000
504	883	0.215000
471	722	0.550000
496	256	0.185000
311	52	0.245000
359	397	0.215000
378	312	0.375000
394	802	0.325000
482	833	0.550000
497	793	0.215000
