# start_x	start_y	duration
327	554	0.215000
373	545	0.185000
351	789	0.550000
318	381	0.245000
330	141	0.125000
302	372	0.125000
522	89	0.325000
500	83	0.185000
427	416	0.245000
480	800	0.125000
443	608	0.325000
317	675	0.550000
399	554	0.245000
436	479	0.550000
340	889	0.550000
395	572	0.185000
413	802	0.550000
270	64	0.550000
328	79	0.550000
308	172	0.215000
496	591	0.185000
264	964	0.215000
274	731	0.125000
503	868	0.245000
