# start_x	start_y	duration
258	16	0.185000
318	466	0.185000
317	283	0.125000
193	139	0.215000
243	293	0.215000
463	314	0.375000
494	350	0.215000
322	166	0.090000
336	477	0.550000
489	135	0.375000
410	364	0.125000
353	139	0.185000
472	256	0.185000
440	537	0.090000
450	350	0.325000
398	20	0.185000
405	116	0.550000
513	314	0.125000
316	131	0.125000
322	70	0.550000
263	372	0.375000
