# start_x	start_y	duration
351	522	0.185000
363	564	0.215000
326	116	0.280000
300	14	0.550000
406	179	0.125000
483	18	0.550000
427	222	0.450000
207	187	0.280000
461	854	0.325000
197	779	0.185000
503	177	1.250000
389	960	0.550000
491	297	0.280000
363	810	0.550000
297	462	0.280000
523	31	0.185000
