# start_x	start_y	duration
341	533	0.550000
515	272	0.125000
519	379	0.245000
313	177	0.550000
492	108	0.185000
176	558	0.245000
307	760	0.185000
426	177	0.185000
435	566	0.185000
274	406	0.550000
297	131	0.215000
354	204	0.450000
430	320	0.550000
498	200	0.245000
489	564	0.550000
284	831	0.550000
224	160	0.185000
356	177	0.280000
270	285	0.215000
463	739	0.185000
498	660	0.600000
465	181	0.125000
487	335	0.550000
473	43	0.245000
483	375	0.375000
308	716	0.185000
