# start_x	start_y	duration
490	241	0.550000
436	350	0.325000
210	66	0.280000
284	45	0.125000
445	268	0.325000
300	156	0.550000
350	172	0.090000
344	514	0.125000
359	110	0.280000
411	500	0.375000
427	612	0.215000
338	952	0.280000
297	504	0.090000
537	106	0.325000
408	454	0.215000
282	135	0.215000
272	191	0.185000
198	637	0.325000
426	100	0.215000
526	91	0.215000
494	75	0.375000
511	606	0.245000
388	489	0.245000
492	681	0.245000
499	975	0.550000
217	860	0.550000
