# start_x	start_y	duration
517	687	0.550000
340	900	0.215000
269	162	0.185000
255	162	0.550000
339	120	0.450000
280	152	0.325000
373	108	0.550000
391	527	0.375000
434	852	0.185000
395	541	0.550000
342	591	0.550000
451	429	0.550000
496	520	0.185000
516	545	0.185000
260	918	0.325000
540	679	0.550000
443	577	0.245000
229	531	0.550000
279	910	0.185000
289	906	0.375000
508	570	0.550000
483	312	0.550000
207	79	0.185000
450	266	0.550000
358	933	0.215000
