# start_x	start_y	duration
223	27	0.550000
246	593	0.185000
392	400	0.125000
227	93	0.215000
342	435	0.215000
416	508	0.550000
478	300	0.125000
497	110	0.245000
341	535	0.280000
