# start_x	start_y	duration
328	522	0.450000
366	162	0.550000
493	350	0.185000
458	764	0.550000
449	462	0.325000
341	556	0.550000
340	116	0.550000
502	337	0.125000
532	208	0.245000
517	504	0.550000
492	347	0.280000
516	550	0.550000
509	612	0.550000
323	943	0.600000
500	804	0.185000
356	760	0.185000
236	372	0.280000
363	529	0.125000
461	479	0.185000
