# start_x	start_y	duration
189	312	0.550000
305	722	0.245000
193	687	0.325000
279	139	0.125000
353	756	0.185000
391	268	0.245000
372	81	0.125000
368	539	0.215000
311	225	0.245000
365	262	0.245000
371	164	0.125000
347	522	0.280000
309	229	0.125000
201	812	0.550000
316	647	0.215000
365	556	0.550000
359	360	0.280000
372	93	0.450000
351	58	0.450000
320	583	0.280000
303	491	0.215000
