# start_x	start_y	duration
318	508	0.215000
273	500	0.185000
351	772	0.215000
286	541	0.185000
305	539	0.600000
211	22	0.185000
258	139	0.215000
344	454	0.245000
355	456	0.280000
350	618	0.245000
386	500	0.550000
362	133	0.125000
394	633	0.125000
376	270	0.550000
365	310	0.245000
329	818	0.325000
343	795	0.125000
406	452	0.125000
226	410	0.550000
304	804	0.280000
