# start_x	start_y	duration
315	445	0.185000
275	547	0.185000
333	379	0.215000
347	50	0.325000
214	308	0.245000
254	25	0.550000
222	662	0.550000
355	789	0.550000
326	608	0.215000
251	364	0.185000
392	297	0.550000
380	116	0.185000
342	29	0.090000
370	356	0.125000
325	872	0.325000
332	597	0.550000
371	522	0.185000
339	447	0.185000
281	972	0.125000
380	825	0.185000
365	550	0.125000
331	402	0.185000
355	760	0.185000
327	208	0.125000
407	564	0.325000
373	312	0.280000
