# start_x	start_y	duration
300	97	0.215000
392	66	0.325000
361	372	0.125000
379	39	0.450000
255	33	0.550000
386	139	0.550000
287	470	0.185000
402	458	0.375000
436	116	0.600000
359	362	0.125000
360	943	0.215000
296	958	0.550000
236	525	0.550000
219	533	0.280000
208	750	0.125000
317	820	0.245000
351	685	0.215000
324	606	0.550000
288	547	0.090000
347	302	0.450000
397	781	0.550000
