# start_x	start_y	duration
423	491	0.550000
381	420	0.185000
162	75	0.550000
194	318	0.245000
341	466	0.125000
369	268	0.245000
359	510	0.185000
290	364	0.245000
344	193	0.280000
355	335	0.125000
307	370	0.215000
171	772	0.215000
213	772	0.550000
350	543	0.125000
310	304	0.245000
356	204	0.125000
217	850	0.185000
310	495	0.090000
265	110	0.090000
431	227	0.325000
384	158	0.215000
429	39	0.375000
390	58	0.185000
