# start_x	start_y	duration
266	358	0.185000
298	120	0.125000
293	393	0.125000
328	491	0.325000
202	20	0.450000
358	172	0.215000
376	131	0.125000
307	404	0.280000
206	604	0.550000
331	504	0.550000
313	354	0.850000
404	168	0.600000
357	129	0.215000
304	10	0.550000
371	333	0.185000
390	545	0.125000
328	237	0.185000
345	25	0.090000
359	577	0.185000
332	643	0.125000
209	270	0.375000
264	41	0.550000
256	752	0.185000
226	843	0.185000
387	916	0.280000
348	781	0.550000
303	795	0.280000
