# start_x	start_y	duration
238	93	0.215000
264	427	0.325000
415	22	0.090000
280	154	0.185000
351	20	0.450000
389	247	0.125000
359	125	0.325000
186	483	0.185000
306	210	0.185000
261	204	0.185000
366	279	0.185000
215	418	0.550000
328	477	0.550000
213	170	0.185000
355	337	0.125000
362	85	0.125000
418	239	0.215000
348	710	0.245000
301	754	0.280000
385	887	0.185000
358	664	0.215000
353	306	0.550000
316	620	0.185000
