# start_x	start_y	duration
305	97	0.185000
303	535	0.280000
346	600	0.125000
391	347	0.550000
231	618	0.375000
317	710	0.550000
393	685	0.245000
193	29	0.215000
216	389	0.185000
234	329	0.125000
257	460	0.185000
373	29	0.215000
370	175	0.125000
377	25	0.245000
339	539	0.245000
272	0	0.550000
323	247	0.245000
311	250	0.550000
354	0	0.125000
327	354	0.245000
359	533	0.550000
