# start_x	start_y	duration
217	270	0.090000
228	266	0.550000
313	131	0.090000
358	37	0.280000
312	33	0.550000
267	266	0.125000
411	687	0.280000
246	616	0.325000
328	808	0.450000
388	904	0.325000
226	852	0.550000
353	718	0.550000
327	833	0.375000
356	777	0.375000
317	639	0.550000
