# start_x	start_y	duration
407	41	0.550000
417	52	0.125000
350	245	0.125000
280	281	0.185000
242	16	0.550000
367	327	0.185000
241	8	0.245000
384	191	0.550000
444	414	0.550000
336	791	0.325000
319	587	0.185000
370	793	0.185000
408	408	0.215000
280	297	0.550000
383	127	0.185000
357	356	0.185000
284	210	0.245000
