# start_x	start_y	duration
288	600	0.375000
288	918	0.215000
268	620	0.245000
377	225	0.375000
370	381	0.550000
345	822	0.185000
368	883	0.125000
211	891	0.550000
317	752	0.450000
401	281	0.215000
364	510	0.245000
287	487	0.215000
227	714	0.215000
354	877	0.550000
370	358	0.550000
309	191	0.450000
313	14	0.185000
332	183	0.600000
375	372	0.245000
334	387	0.550000
344	260	0.215000
335	743	0.185000
339	25	0.375000
443	529	0.245000
323	727	0.550000
360	520	0.125000
301	154	0.325000
