# start_x	start_y	duration
281	485	0.215000
296	518	0.185000
241	43	0.550000
249	256	0.215000
286	75	0.550000
276	2	0.280000
202	254	0.325000
244	520	0.375000
332	541	0.550000
338	835	0.185000
318	964	0.185000
333	893	0.090000
361	520	0.280000
390	260	0.185000
335	179	0.450000
358	537	0.215000
367	475	0.185000
336	722	0.550000
256	627	0.185000
410	700	0.550000
445	520	0.280000
366	108	0.245000
271	39	0.125000
