# start_x	start_y	duration
214	91	0.185000
222	108	0.185000
209	116	0.215000
253	20	0.185000
352	170	0.550000
300	297	0.280000
407	102	0.550000
365	110	0.325000
231	145	0.245000
298	18	0.185000
338	475	0.550000
322	45	0.280000
214	89	0.245000
376	245	0.215000
299	264	0.215000
336	287	0.185000
392	91	0.215000
372	343	0.245000
352	287	0.125000
282	164	0.550000
