# start_x	start_y	duration
362	931	0.550000
365	814	0.215000
330	631	0.280000
326	472	0.550000
188	170	0.280000
405	741	0.090000
323	566	0.215000
426	720	0.185000
331	720	0.185000
293	910	0.215000
341	143	0.185000
206	254	0.215000
315	112	0.550000
384	243	0.090000
328	779	0.550000
413	518	0.215000
401	531	0.215000
409	793	0.280000
352	712	0.215000
423	702	0.215000
