# start_x	start_y	duration
295	472	0.185000
322	491	0.125000
312	587	0.125000
391	325	0.215000
248	37	0.125000
351	662	0.550000
379	954	0.550000
338	947	0.125000
313	900	0.550000
336	562	0.185000
414	395	0.325000
384	227	0.375000
355	191	0.550000
287	20	0.550000
209	22	0.280000
349	0	0.245000
337	145	0.125000
275	75	0.280000
404	560	0.215000
379	912	0.125000
328	691	0.185000
284	72	0.215000
349	537	0.125000
