# start_x	start_y	duration
325	531	0.125000
296	516	0.375000
366	762	0.550000
229	39	0.185000
272	56	0.125000
248	18	0.450000
326	700	0.600000
402	233	0.185000
288	10	0.280000
370	312	0.550000
403	964	0.125000
357	897	0.450000
327	864	0.550000
324	912	0.185000
371	822	0.550000
395	677	0.280000
287	860	0.185000
322	662	0.185000
202	466	0.215000
372	291	0.125000
250	214	0.185000
383	291	0.185000
