# start_x	start_y	duration
246	41	0.125000
265	47	0.185000
322	470	0.125000
343	460	0.125000
354	235	0.215000
210	14	0.245000
380	722	0.215000
329	575	0.185000
353	110	0.185000
457	50	0.600000
375	679	0.245000
352	839	0.375000
328	595	0.550000
338	833	0.125000
383	418	0.215000
429	831	0.550000
193	731	0.325000
324	958	0.375000
