# start_x	start_y	duration
205	356	0.550000
211	156	0.550000
201	54	0.325000
243	35	0.185000
265	212	0.185000
334	297	0.215000
198	93	0.280000
343	287	0.325000
278	147	0.550000
279	510	0.125000
363	304	0.550000
373	285	0.550000
292	310	0.185000
382	583	0.125000
378	547	0.325000
379	243	0.215000
324	175	0.245000
439	970	0.325000
363	183	0.215000
399	562	0.185000
363	518	0.090000
390	185	0.375000
