# start_x	start_y	duration
264	60	0.185000
308	408	0.280000
325	58	0.325000
339	10	0.550000
331	287	0.550000
258	387	0.125000
325	395	0.215000
336	352	0.215000
296	77	0.245000
270	43	0.550000
311	556	0.550000
195	879	0.325000
332	556	0.245000
354	470	0.215000
386	777	0.185000
347	727	0.550000
343	172	0.280000
439	206	0.125000
365	402	0.550000
385	310	0.245000
208	529	0.450000
327	585	0.125000
317	610	0.550000
369	368	0.185000
269	29	0.325000
356	931	0.550000
332	895	0.550000
223	925	0.090000
