# start_x	start_y	duration
271	14	0.325000
202	233	0.550000
391	972	0.215000
420	837	0.375000
427	487	0.280000
401	397	0.215000
360	137	0.325000
364	58	0.125000
259	189	0.280000
398	377	0.550000
441	231	0.550000
390	193	0.550000
351	297	0.125000
368	156	0.600000
403	256	0.450000
408	781	0.185000
357	843	0.550000
379	210	0.215000
401	495	0.125000
320	193	0.325000
367	339	0.550000
