# start_x	start_y	duration
528	347	0.550000
862	155	0.215000
425	98	0.185000
370	93	0.600000
389	335	0.550000
576	431	0.550000
454	407	0.185000
434	421	0.550000
890	450	0.280000
643	208	0.375000
798	167	0.550000
687	341	0.550000
904	454	0.550000
789	378	0.125000
643	350	0.185000
331	144	0.375000
137	279	0.550000
148	317	0.185000
79	507	0.215000
96	226	0.215000
156	127	0.185000
37	86	0.185000
300	247	0.090000
498	153	0.125000
593	275	0.550000
621	343	0.215000
