# start_x	start_y	duration
446	257	0.185000
396	91	0.550000
590	233	0.245000
929	276	0.325000
909	422	0.245000
864	184	0.185000
893	224	0.550000
959	280	0.215000
873	485	0.550000
864	437	0.550000
876	347	0.550000
626	258	0.090000
875	148	0.125000
690	455	0.125000
440	308	0.245000
589	241	0.215000
309	193	0.125000
698	418	0.090000
596	204	0.550000
340	109	0.125000
675	210	0.185000
421	230	0.125000
623	398	0.550000
859	210	0.125000
856	225	0.325000
