# start_x	start_y	duration
526	330	0.280000
567	187	0.125000
657	262	0.245000
681	117	0.550000
668	421	0.215000
876	303	0.550000
889	171	0.215000
921	271	0.280000
310	210	0.245000
337	118	0.215000
468	66	0.550000
590	416	0.550000
560	171	0.550000
373	93	0.550000
698	249	0.550000
518	355	0.245000
218	409	0.125000
451	90	0.280000
32	233	0.245000
176	209	0.185000
