# start_x	start_y	duration
267	88	0.215000
201	82	0.450000
117	422	0.125000
70	316	0.090000
228	90	0.185000
415	118	0.185000
421	85	0.550000
651	275	0.450000
471	437	0.125000
353	330	0.245000
868	306	0.550000
976	407	0.215000
585	354	0.185000
395	252	0.550000
517	252	0.280000
959	275	0.215000
489	287	0.125000
437	471	0.215000
210	95	0.245000
362	159	0.215000
185	464	0.245000
564	301	0.550000
