# start_x	start_y	duration
292	275	0.280000
200	95	0.550000
245	224	0.550000
325	233	0.185000
223	284	0.215000
39	86	0.125000
334	106	0.550000
67	106	0.125000
87	213	0.125000
367	160	0.550000
403	265	0.125000
245	427	0.185000
685	318	0.215000
175	482	0.280000
290	282	0.185000
170	109	0.125000
418	202	0.550000
212	284	0.185000
248	133	0.215000
