# start_x	start_y	duration
390	177	0.125000
189	88	0.550000
232	82	0.185000
131	78	0.325000
104	216	0.245000
943	423	0.185000
929	428	0.090000
868	224	0.325000
910	219	0.325000
693	463	0.125000
665	425	0.185000
703	426	0.280000
970	341	0.450000
471	362	0.280000
940	487	0.375000
923	300	0.215000
735	388	0.125000
907	173	0.215000
571	227	0.215000
601	276	0.550000
