# start_x	start_y	duration
376	262	0.185000
489	290	0.280000
598	178	0.185000
603	388	0.245000
331	415	0.185000
143	192	0.550000
326	323	0.550000
125	275	0.185000
364	60	0.550000
415	369	0.125000
507	444	0.550000
696	463	0.600000
362	264	0.185000
93	345	0.215000
428	411	0.550000
968	350	0.185000
670	219	0.550000
848	248	0.185000
