# start_x	start_y	duration
128	420	0.245000
82	410	0.245000
262	162	0.215000
76	53	0.245000
123	115	0.550000
275	80	0.090000
201	132	0.280000
243	156	0.600000
35	137	0.280000
253	110	0.215000
103	95	0.185000
373	231	0.185000
610	235	0.215000
598	371	0.090000
326	319	0.215000
420	156	0.550000
82	142	0.280000
460	126	0.325000
684	267	0.550000
634	336	0.215000
465	308	0.550000
393	376	0.550000
665	273	0.280000
981	383	0.125000
