# start_x	start_y	duration
754	480	0.550000
887	422	0.185000
607	158	0.125000
396	268	0.280000
325	213	0.550000
643	99	0.550000
879	248	0.375000
690	336	0.280000
590	227	0.245000
890	471	0.245000
765	374	0.280000
660	241	0.185000
957	385	0.185000
871	242	0.325000
885	145	0.550000
587	243	0.215000
182	105	0.185000
