# start_x	start_y	duration
479	329	0.280000
565	302	0.550000
959	263	0.185000
951	254	0.185000
607	341	0.550000
70	379	0.185000
395	354	0.550000
801	367	0.550000
642	203	0.375000
98	532	0.185000
310	301	0.215000
314	403	0.550000
123	389	0.245000
82	340	0.280000
101	425	0.125000
25	270	0.550000
145	330	0.550000
56	243	0.185000
579	383	0.245000
615	278	0.375000
