# start_x	start_y	duration
365	365	0.550000
571	159	0.185000
