# start_x	start_y	duration
493	231	0.280000
146	347	0.550000
289	109	0.450000
289	102	0.125000
95	95	0.185000
337	246	0.550000
425	449	0.215000
376	427	0.185000
140	376	0.325000
85	312	0.125000
182	373	0.090000
48	207	0.450000
190	202	0.185000
134	105	0.245000
175	279	0.550000
143	357	0.125000
114	436	0.125000
187	270	0.185000
407	73	0.185000
51	281	0.550000
85	437	0.245000
289	284	0.450000
125	278	0.215000
87	215	0.185000
173	313	0.125000
100	316	0.550000
