# start_x	start_y	duration
234	134	0.125000
270	164	0.125000
495	93	0.550000
754	238	0.550000
629	346	0.125000
918	301	0.185000
189	132	0.550000
440	142	0.185000
914	128	0.125000
470	317	0.125000
921	160	0.185000
653	298	0.090000
340	406	0.090000
185	352	0.550000
229	238	0.550000
165	423	0.215000
507	396	0.600000
912	269	0.550000
904	197	0.280000
887	267	0.185000
