# start_x	start_y	duration
609	91	0.245000
212	98	0.245000
178	102	0.215000
140	263	0.550000
128	312	0.215000
81	514	0.245000
296	273	0.215000
467	214	0.185000
148	232	0.550000
132	439	0.185000
96	486	0.550000
85	345	0.215000
379	256	0.325000
48	135	0.090000
96	441	0.215000
417	455	0.550000
395	220	0.245000
81	131	0.125000
368	323	0.215000
340	241	0.550000
