# start_x	start_y	duration
656	295	0.185000
539	324	0.125000
657	240	0.600000
625	230	0.550000
789	431	0.550000
907	377	0.125000
665	350	0.550000
218	464	0.550000
242	225	0.125000
417	302	0.125000
264	117	0.550000
437	220	0.125000
910	393	0.125000
935	456	0.550000
885	470	0.550000
850	279	0.125000
560	253	0.550000
545	351	0.215000
134	420	0.215000
281	415	0.215000
337	198	0.185000
151	420	0.185000
54	155	0.325000
137	323	0.550000
