# start_x	start_y	duration
204	100	0.550000
242	83	0.185000
137	111	0.375000
375	106	0.245000
57	317	0.185000
335	86	0.215000
326	95	0.550000
696	329	0.185000
843	215	0.550000
571	306	0.550000
323	366	0.125000
457	232	0.550000
337	214	0.245000
579	278	0.125000
379	444	0.215000
729	380	0.245000
895	498	0.185000
420	438	0.450000
629	302	0.375000
901	189	0.550000
935	225	0.550000
