# start_x	start_y	duration
500	346	0.185000
178	269	0.550000
142	63	0.280000
226	464	0.325000
404	439	0.125000
640	453	0.215000
643	216	0.090000
856	289	0.185000
579	156	0.215000
367	280	0.090000
415	271	0.550000
675	273	0.450000
204	90	0.185000
157	203	0.245000
257	463	0.185000
