# start_x	start_y	duration
581	306	0.125000
476	208	0.125000
387	246	0.215000
840	390	0.185000
407	301	0.550000
121	240	0.245000
373	102	0.550000
142	67	0.185000
510	101	0.185000
937	414	0.450000
932	216	0.215000
681	469	0.550000
509	352	0.185000
600	279	0.215000
92	231	0.550000
93	412	0.280000
217	383	0.215000
317	455	0.215000
153	418	0.550000
214	456	0.185000
135	420	0.215000
