# start_x	start_y	duration
478	487	0.280000
207	206	0.550000
189	506	0.325000
184	55	0.215000
118	38	0.550000
210	167	0.125000
817	289	0.125000
796	708	0.550000
771	686	0.185000
656	557	0.125000
815	508	0.375000
821	947	0.245000
576	761	0.185000
864	753	0.215000
839	202	0.185000
876	302	0.550000
403	291	0.185000
268	606	0.185000
287	369	0.550000
198	534	0.185000
425	596	0.125000
176	191	0.325000
632	289	0.185000
532	763	0.185000
698	933	0.550000
