# start_x	start_y	duration
245	165	0.550000
250	175	0.125000
270	61	0.125000
223	73	0.125000
298	14	0.215000
435	392	0.245000
200	185	0.185000
237	747	0.550000
212	790	0.450000
804	616	0.215000
737	898	0.215000
778	802	0.375000
571	718	0.325000
434	57	0.375000
746	236	0.215000
259	398	0.215000
501	653	0.215000
189	514	0.185000
678	63	0.550000
557	212	0.215000
545	312	0.185000
864	487	0.550000
168	51	0.125000
506	939	0.550000
343	616	0.125000
