# start_x	start_y	duration
160	455	0.125000
520	255	0.125000
450	469	0.125000
179	42	0.550000
198	57	0.215000
167	38	0.185000
179	267	0.245000
301	171	0.215000
307	61	0.185000
392	363	0.600000
171	279	0.125000
351	183	0.550000
481	153	0.215000
521	739	0.325000
182	798	0.280000
289	655	0.125000
312	451	0.280000
704	706	0.185000
503	140	0.245000
404	69	0.125000
695	338	0.125000
435	377	0.550000
