# start_x	start_y	duration
493	465	0.375000
884	667	0.185000
835	786	0.215000
470	394	0.245000
487	471	0.550000
196	51	0.245000
195	46	0.550000
337	210	0.125000
560	394	0.600000
217	75	0.125000
368	547	0.185000
903	667	0.375000
495	302	0.550000
225	51	0.185000
412	151	0.125000
243	32	0.375000
184	261	0.090000
281	277	0.185000
367	461	0.185000
587	204	0.185000
578	473	0.125000
507	214	0.125000
781	786	0.550000
560	722	0.185000
182	610	0.185000
