# start_x	start_y	duration
525	492	0.125000
256	191	0.185000
270	44	0.550000
271	49	0.125000
181	73	0.550000
206	522	0.280000
556	835	0.245000
389	608	0.215000
885	743	0.325000
442	637	0.280000
832	712	0.550000
