# start_x	start_y	duration
821	438	0.550000
565	451	0.215000
850	567	0.280000
826	914	0.550000
729	567	0.125000
389	724	0.245000
457	420	0.325000
825	298	0.185000
812	310	0.600000
637	249	0.550000
817	865	0.185000
809	583	0.185000
754	406	0.125000
746	761	0.280000
501	788	0.125000
554	759	0.375000
404	159	0.215000
426	449	0.125000
418	941	0.245000
270	669	0.215000
392	539	0.280000
