# start_x	start_y	duration
498	500	0.185000
537	191	0.245000
342	157	0.600000
229	563	0.125000
220	30	0.280000
303	257	0.125000
829	161	0.125000
860	242	0.185000
840	686	0.185000
704	865	0.215000
643	957	0.185000
862	671	0.185000
820	769	0.550000
837	620	0.245000
851	518	0.550000
501	328	0.215000
851	328	0.600000
348	157	0.245000
559	355	0.090000
206	16	0.325000
371	902	0.325000
560	500	0.280000
