# start_x	start_y	duration
348	389	0.215000
376	265	0.450000
773	83	0.375000
482	161	0.185000
251	169	0.125000
235	671	0.185000
859	882	0.550000
684	910	0.245000
565	788	0.125000
473	592	0.215000
850	620	0.550000
835	743	0.450000
459	240	0.280000
501	602	0.450000
334	183	0.375000
534	500	0.125000
564	702	0.185000
303	726	0.550000
292	539	0.185000
298	522	0.550000
