# start_x	start_y	duration
425	285	0.185000
525	477	0.125000
520	539	0.185000
335	179	0.185000
239	189	0.185000
507	283	0.280000
815	487	0.550000
435	89	0.185000
334	128	0.245000
284	142	0.215000
248	373	0.125000
196	28	0.550000
225	116	0.325000
254	187	0.185000
464	175	0.215000
571	767	0.325000
848	724	0.550000
856	826	0.185000
867	945	0.325000
760	747	0.375000
400	804	0.325000
523	553	0.185000
715	175	0.185000
412	330	0.450000
156	53	0.325000
