# start_x	start_y	duration
346	202	0.215000
301	193	0.550000
262	708	0.215000
484	273	0.325000
753	336	0.280000
546	181	0.185000
332	943	0.550000
301	886	0.185000
282	624	0.185000
687	892	0.215000
515	173	0.125000
340	57	0.125000
229	16	0.280000
631	257	0.325000
307	44	0.325000
668	428	0.550000
850	514	0.550000
831	920	0.125000
835	749	0.375000
840	830	0.245000
825	559	0.245000
250	663	0.280000
