# start_x	start_y	duration
192	132	0.215000
475	367	0.215000
407	400	0.185000
256	36	0.125000
403	165	0.185000
321	253	0.850000
492	620	0.245000
223	67	0.090000
281	216	0.125000
362	438	0.245000
345	406	0.325000
325	367	0.185000
543	641	0.185000
525	892	0.280000
432	532	0.185000
804	204	0.185000
496	765	0.550000
210	222	0.280000
414	769	0.450000
315	171	0.550000
