# start_x	start_y	duration
525	571	0.125000
371	473	0.325000
685	541	0.215000
739	328	0.125000
414	193	0.550000
278	177	0.125000
650	473	0.245000
229	53	0.280000
571	610	0.550000
553	730	0.125000
864	191	0.550000
353	385	0.215000
831	183	0.550000
864	163	0.280000
662	392	0.185000
510	928	0.550000
292	786	0.125000
257	637	0.550000
312	826	0.125000
453	473	0.550000
831	198	0.185000
790	598	0.450000
