# start_x	start_y	duration
617	114	0.550000
526	436	0.185000
429	590	0.185000
340	788	0.550000
292	604	0.215000
600	463	0.185000
320	130	0.125000
232	136	0.450000
223	363	0.215000
554	677	0.325000
625	708	0.550000
754	479	0.185000
864	634	0.215000
856	816	0.550000
607	573	0.280000
240	134	0.215000
440	263	0.550000
178	349	0.185000
285	108	0.125000
340	32	0.215000
434	28	0.215000
231	218	0.125000
