# start_x	start_y	duration
501	220	0.245000
521	500	0.215000
229	63	0.215000
198	575	0.550000
221	414	0.215000
439	173	0.215000
570	253	0.215000
832	551	0.550000
509	351	0.550000
390	242	0.550000
270	318	0.125000
409	118	0.450000
448	463	0.280000
728	377	0.185000
843	261	0.125000
825	138	0.185000
773	581	0.185000
856	426	0.185000
848	826	0.185000
890	651	0.550000
623	381	0.375000
871	634	0.185000
526	461	0.245000
165	622	0.185000
