# start_x	start_y	duration
287	447	0.280000
204	77	0.450000
243	6	0.245000
182	18	0.280000
331	104	0.550000
560	539	0.280000
767	532	0.550000
832	694	0.245000
232	545	0.185000
403	26	0.215000
226	596	0.550000
375	149	0.550000
404	812	0.280000
768	920	0.375000
490	884	0.215000
365	477	0.215000
267	590	0.245000
534	788	0.215000
809	79	0.245000
589	171	0.185000
565	438	0.215000
740	289	0.280000
437	830	0.125000
256	645	0.375000
146	596	0.125000
428	543	0.245000
