# start_x	start_y	duration
234	28	0.325000
306	322	0.280000
139	51	0.280000
206	245	0.280000
200	428	0.125000
282	557	0.550000
235	673	0.450000
293	53	0.550000
496	588	0.280000
632	559	0.280000
520	816	0.245000
370	767	0.550000
504	181	0.185000
754	118	0.125000
642	383	0.325000
542	596	0.185000
840	931	0.185000
660	947	0.090000
223	416	0.185000
262	200	0.325000
260	98	0.280000
603	565	0.185000
551	865	0.215000
307	98	0.215000
292	120	0.125000
157	173	0.550000
276	792	0.125000
