# start_x	start_y	duration
562	798	0.375000
490	935	0.325000
176	700	0.280000
437	673	0.550000
423	579	0.125000
407	100	0.185000
296	873	0.090000
632	353	0.125000
642	445	0.215000
834	98	0.375000
425	202	0.375000
635	837	0.125000
229	314	0.215000
431	612	0.550000
209	757	0.215000
650	630	0.215000
295	835	0.125000
417	722	0.125000
