# start_x	start_y	duration
495	526	0.245000
181	626	0.375000
401	36	0.550000
587	330	0.245000
801	426	0.550000
764	214	0.375000
318	28	0.550000
270	163	0.550000
487	465	0.185000
856	598	0.450000
826	755	0.280000
837	196	0.550000
876	912	0.185000
571	449	0.450000
537	471	0.215000
501	743	0.090000
818	937	0.450000
451	179	0.215000
398	20	0.125000
179	53	0.185000
381	49	0.185000
343	193	0.280000
245	541	0.280000
885	259	0.215000
839	330	0.550000
717	365	0.125000
640	134	0.280000
668	402	0.375000
