# start_x	start_y	duration
510	404	0.450000
407	10	0.550000
112	38	0.375000
409	157	0.185000
765	283	0.550000
360	122	0.325000
151	575	0.185000
173	781	0.215000
282	675	0.245000
439	867	0.125000
878	320	0.280000
825	718	0.550000
567	606	0.215000
306	624	0.550000
340	204	0.375000
265	175	0.215000
207	142	0.450000
331	402	0.550000
778	173	0.550000
437	349	0.550000
360	661	0.550000
