# start_x	start_y	duration
405	595	0.125000
344	493	0.185000
592	912	0.550000
565	791	0.550000
561	891	0.280000
544	237	0.550000
543	20	0.280000
199	764	0.550000
544	168	0.215000
467	302	0.550000
250	114	0.550000
337	641	0.450000
493	977	0.185000
478	433	0.215000
537	522	0.215000
494	95	0.185000
503	58	0.550000
282	33	0.325000
588	687	0.245000
381	712	0.185000
246	939	0.215000
315	452	0.185000
134	20	0.550000
214	814	0.125000
339	387	0.185000
298	150	0.450000
