# start_x	start_y	duration
256	212	0.550000
277	277	0.215000
183	20	0.185000
277	152	0.185000
287	331	0.245000
386	514	0.215000
275	93	0.280000
249	14	0.280000
258	293	0.125000
360	687	0.090000
498	856	0.245000
258	610	0.550000
195	647	0.600000
232	127	0.325000
571	225	0.090000
444	314	0.125000
366	183	0.245000
530	37	0.215000
525	81	0.550000
199	66	0.245000
265	12	0.280000
369	281	0.280000
221	187	0.375000
