# start_x	start_y	duration
362	502	0.215000
293	75	0.550000
268	33	0.550000
253	41	0.280000
226	387	0.185000
307	247	0.280000
227	81	0.185000
534	191	0.325000
200	27	0.550000
387	160	0.550000
571	437	0.600000
516	400	0.280000
536	552	0.325000
575	689	0.125000
561	977	0.280000
366	564	0.550000
388	622	0.185000
350	187	0.125000
568	554	0.185000
546	722	0.125000
335	706	0.325000
394	920	0.600000
315	689	0.375000
239	322	0.215000
202	416	0.325000
