# start_x	start_y	duration
414	410	0.245000
361	543	0.125000
262	764	0.550000
482	395	0.550000
585	193	0.125000
582	858	0.245000
193	214	0.550000
380	618	0.125000
209	62	0.600000
213	45	0.125000
207	250	0.325000
517	308	0.325000
302	216	0.280000
238	716	0.185000
453	816	0.550000
289	212	0.125000
213	29	0.450000
222	306	0.550000
512	508	0.550000
536	929	0.280000
427	570	0.125000
231	43	0.550000
205	512	0.215000
195	14	0.185000
457	170	0.550000
