# start_x	start_y	duration
522	237	0.550000
557	156	0.550000
561	225	0.450000
565	256	0.245000
199	27	0.185000
551	108	0.550000
580	66	0.375000
562	300	0.550000
442	968	0.125000
559	495	0.245000
194	837	0.185000
225	825	0.215000
312	722	0.125000
584	162	0.280000
585	579	0.185000
549	708	0.215000
299	904	0.215000
419	585	0.550000
320	706	0.245000
431	931	0.125000
319	579	0.125000
