# start_x	start_y	duration
382	512	0.215000
343	364	0.245000
442	477	0.185000
603	37	0.215000
242	566	0.600000
189	802	0.280000
337	266	0.185000
611	6	0.450000
582	66	0.185000
189	450	0.185000
249	8	0.215000
238	722	0.125000
171	808	0.450000
273	541	0.215000
436	341	0.550000
557	185	0.185000
525	81	0.550000
357	150	0.550000
580	885	0.125000
418	558	0.550000
299	227	0.550000
393	200	0.185000
547	568	0.245000
281	750	0.550000
221	75	0.185000
