# start_x	start_y	duration
376	485	0.125000
374	350	0.245000
542	29	0.215000
536	35	0.280000
520	185	0.325000
168	129	0.185000
282	237	0.125000
350	195	0.245000
309	400	0.550000
224	20	0.185000
236	158	0.125000
