# start_x	start_y	duration
325	310	0.245000
557	391	0.375000
184	31	0.185000
157	45	0.215000
491	752	0.450000
337	752	0.550000
522	872	0.215000
366	429	0.280000
343	872	0.550000
237	935	0.185000
209	131	0.550000
213	368	0.550000
290	579	0.215000
205	360	0.280000
506	68	0.215000
573	304	0.125000
585	391	0.280000
548	139	0.325000
542	168	0.550000
509	262	0.125000
577	318	0.550000
530	343	0.185000
555	383	0.325000
573	129	0.125000
