# start_x	start_y	duration
579	52	0.550000
302	158	0.550000
491	81	0.185000
561	354	0.280000
523	137	0.550000
569	91	0.090000
318	295	0.550000
182	27	0.215000
417	818	0.550000
518	795	0.215000
317	693	0.215000
339	656	0.185000
274	302	0.245000
275	489	0.215000
283	147	0.215000
438	325	0.125000
536	308	0.550000
580	312	0.245000
