# start_x	start_y	duration
354	614	0.185000
246	220	0.185000
355	562	0.550000
258	18	0.125000
251	220	0.215000
571	6	0.125000
201	72	0.280000
371	250	0.185000
172	177	0.550000
554	50	0.185000
535	283	0.125000
475	639	0.280000
566	641	0.375000
566	283	0.325000
532	222	0.550000
315	654	0.325000
561	87	0.550000
299	729	0.215000
337	429	0.375000
498	489	0.215000
550	268	0.550000
379	568	0.185000
