# start_x	start_y	duration
298	925	0.215000
532	66	0.325000
544	116	0.550000
581	277	0.125000
525	83	0.550000
460	181	0.215000
529	760	0.215000
346	522	0.185000
412	441	0.185000
189	943	0.185000
230	485	0.325000
315	704	0.245000
484	433	0.215000
566	75	0.245000
498	504	0.550000
298	881	0.185000
207	31	0.245000
196	520	0.600000
230	733	0.550000
160	852	0.215000
264	914	0.125000
537	693	0.185000
593	429	0.185000
