# start_x	start_y	duration
345	445	0.125000
354	614	0.280000
312	568	0.245000
578	52	0.280000
305	139	0.325000
307	139	0.125000
205	122	0.125000
400	333	0.185000
253	579	0.185000
342	739	0.550000
321	897	0.245000
304	208	0.245000
387	443	0.550000
586	295	0.215000
542	587	0.550000
513	387	0.245000
438	150	0.125000
516	837	0.245000
