# start_x	start_y	duration
418	625	0.185000
375	631	0.550000
263	25	0.450000
535	425	0.125000
399	347	0.550000
563	93	0.185000
345	247	0.185000
208	25	0.550000
238	12	0.280000
292	72	0.185000
230	533	0.215000
288	556	0.550000
559	562	0.550000
300	335	0.185000
183	39	0.185000
580	600	0.215000
194	279	0.550000
460	160	0.215000
369	672	0.375000
338	910	0.185000
355	595	0.125000
381	572	0.215000
199	712	0.550000
396	797	0.245000
447	214	0.125000
