# start_x	start_y	duration
577	510	0.185000
371	325	0.185000
547	166	0.450000
542	22	0.125000
536	581	0.125000
398	12	0.185000
394	425	0.280000
443	814	0.550000
536	129	0.185000
468	420	0.550000
261	802	0.245000
305	522	0.185000
215	350	0.185000
213	220	0.125000
242	568	0.550000
172	835	0.215000
268	812	0.280000
430	920	0.185000
536	954	0.215000
216	47	0.185000
433	583	0.185000
562	329	0.550000
516	420	0.280000
