# start_x	start_y	duration
357	275	0.185000
373	529	0.185000
271	50	0.215000
431	437	0.550000
503	297	0.215000
463	650	0.280000
253	243	0.185000
276	912	0.125000
404	491	0.550000
308	789	0.550000
226	533	0.125000
244	27	0.550000
296	970	0.280000
265	920	0.245000
191	222	0.125000
366	79	0.125000
302	129	0.550000
453	297	0.125000
563	77	0.550000
469	181	0.550000
361	760	0.245000
559	881	0.280000
351	504	0.280000
245	14	0.245000
