# start_x	start_y	duration
540	618	0.125000
346	547	0.245000
295	95	0.550000
245	33	0.125000
172	62	0.185000
547	185	0.375000
569	522	0.550000
494	170	0.325000
575	485	0.550000
392	637	0.125000
238	702	0.280000
560	102	0.215000
544	20	0.185000
566	64	0.550000
611	66	0.185000
541	47	0.550000
498	268	0.090000
387	452	0.550000
569	645	0.550000
417	366	0.550000
