# start_x	start_y	duration
388	472	0.375000
391	531	0.125000
482	508	0.125000
449	297	0.550000
185	62	0.325000
551	135	0.125000
499	275	0.090000
541	552	0.125000
383	391	0.450000
239	289	0.215000
503	712	0.125000
579	281	0.245000
587	410	0.215000
571	229	0.215000
501	225	0.125000
575	502	0.185000
538	850	0.215000
569	631	0.450000
352	954	0.125000
393	489	0.215000
507	79	0.125000
538	504	0.245000
209	66	0.280000
369	366	0.245000
321	727	0.245000
