# start_x	start_y	duration
244	375	0.185000
278	247	0.185000
212	102	0.215000
411	279	0.125000
350	585	0.550000
196	10	0.185000
213	25	0.185000
228	862	0.550000
292	602	0.215000
265	522	0.550000
257	904	0.600000
536	458	0.185000
398	627	0.450000
184	552	0.245000
251	312	0.185000
207	70	0.215000
555	206	0.280000
262	914	0.550000
400	552	0.325000
551	52	0.245000
329	318	0.550000
364	212	0.280000
500	154	0.550000
274	310	0.215000
284	239	0.450000
197	289	0.280000
213	204	0.185000
215	18	0.125000
