# start_x	start_y	duration
387	437	0.185000
582	183	0.375000
267	31	0.550000
263	68	0.215000
238	66	0.185000
250	143	0.245000
233	27	0.550000
245	956	0.090000
224	729	0.215000
256	243	0.125000
231	54	0.185000
268	841	0.215000
220	658	0.550000
236	8	0.280000
184	14	0.245000
174	8	0.215000
188	531	0.550000
376	275	0.450000
205	100	0.215000
172	141	0.125000
340	331	0.185000
510	179	0.215000
551	279	0.325000
532	725	0.325000
