# start_x	start_y	duration
504	572	0.550000
572	83	0.280000
536	120	0.090000
569	737	0.550000
535	68	0.185000
203	77	0.125000
219	39	0.185000
314	120	0.185000
286	422	0.550000
417	339	0.215000
506	162	0.325000
537	147	0.185000
394	518	0.185000
406	562	0.280000
385	327	0.215000
517	154	0.550000
535	118	0.125000
280	716	0.185000
233	858	0.550000
470	150	0.125000
245	50	0.245000
