# start_x	start_y	duration
470	441	0.185000
431	372	0.215000
285	212	0.185000
845	143	0.185000
467	241	0.215000
465	100	0.185000
943	299	0.185000
881	166	0.325000
867	148	0.185000
868	155	0.125000
967	161	0.550000
971	135	0.215000
931	444	0.550000
917	279	0.185000
814	126	0.215000
478	221	0.125000
493	53	0.090000
470	108	0.215000
384	401	0.280000
329	719	0.245000
287	545	0.450000
