# start_x	start_y	duration
57	73	0.125000
540	174	0.450000
521	244	0.215000
192	64	0.375000
340	65	0.185000
162	155	0.550000
543	200	0.550000
406	51	0.245000
454	111	0.185000
514	154	0.215000
276	354	0.215000
601	158	0.245000
462	178	0.215000
446	169	0.090000
456	167	0.325000
407	103	0.375000
529	93	0.125000
454	137	0.245000
407	149	0.125000
840	248	0.550000
685	178	0.245000
212	423	0.280000
146	178	0.280000
421	93	0.550000
393	161	0.280000
292	421	0.550000
164	604	0.550000
351	71	0.215000
