# start_x	start_y	duration
431	106	0.375000
868	189	0.600000
864	166	0.215000
560	196	0.280000
376	143	0.125000
546	172	0.125000
165	47	0.280000
292	204	0.215000
234	58	0.185000
450	167	0.550000
181	174	0.215000
570	313	0.125000
882	299	0.245000
793	169	0.215000
864	143	0.325000
723	206	0.185000
912	323	0.185000
942	233	0.550000
829	117	0.280000
912	108	0.325000
481	210	0.245000
310	229	0.215000
596	503	0.215000
970	503	0.550000
987	378	0.215000
962	380	0.375000
998	435	0.450000
