# start_x	start_y	duration
695	506	0.550000
6	158	0.325000
451	134	0.550000
748	366	0.325000
853	167	0.185000
943	268	0.245000
485	138	0.245000
506	116	0.550000
546	169	0.325000
489	175	0.550000
82	447	0.185000
121	59	0.850000
471	157	0.550000
471	193	0.125000
668	335	0.215000
871	279	0.215000
737	148	0.280000
803	131	0.325000
689	305	0.125000
887	459	0.280000
