# start_x	start_y	duration
70	53	0.215000
348	74	0.375000
51	50	0.125000
393	167	0.185000
335	97	0.600000
128	166	0.215000
201	74	0.550000
121	36	0.185000
248	291	0.450000
278	76	0.550000
315	308	0.325000
510	265	0.325000
451	184	0.125000
