# start_x	start_y	duration
417	126	0.185000
51	58	0.215000
168	10	0.185000
201	50	0.325000
126	284	0.325000
65	259	0.185000
479	18	0.125000
128	155	0.185000
420	123	0.280000
467	163	0.325000
904	326	0.245000
717	340	0.325000
256	119	0.550000
217	361	0.215000
143	206	0.215000
457	164	0.375000
340	108	0.215000
456	85	0.550000
60	171	0.125000
18	287	0.550000
331	270	0.215000
576	354	0.280000
256	244	0.550000
109	45	0.550000
339	105	0.215000
239	195	0.245000
92	56	0.185000
