# start_x	start_y	duration
351	138	0.185000
290	39	0.185000
260	380	0.550000
540	416	0.550000
470	68	0.185000
796	122	0.280000
842	506	0.125000
876	400	0.245000
957	429	0.215000
718	221	0.550000
729	174	0.550000
676	584	0.550000
940	653	0.215000
939	603	0.090000
879	207	0.375000
909	151	0.550000
964	378	0.185000
967	406	0.185000
875	500	0.125000
864	542	0.245000
628	83	0.550000
659	393	0.550000
390	172	0.550000
764	171	0.550000
409	226	0.185000
462	105	0.090000
434	193	0.090000
