# start_x	start_y	duration
512	265	0.185000
485	97	0.125000
534	119	0.245000
539	467	0.185000
960	456	0.185000
848	145	0.550000
862	374	0.550000
775	271	0.280000
737	589	0.325000
540	313	0.215000
209	158	0.550000
18	444	0.185000
60	561	0.550000
215	470	0.550000
114	149	0.245000
212	164	0.550000
496	184	0.245000
404	419	0.280000
701	210	0.450000
523	171	0.600000
471	178	0.090000
973	317	0.125000
732	426	0.450000
320	320	0.125000
