# start_x	start_y	duration
515	384	0.125000
92	155	0.245000
95	73	0.245000
131	38	0.125000
93	70	0.375000
214	36	0.185000
345	79	0.215000
790	122	0.185000
914	142	0.550000
604	155	0.215000
637	157	0.550000
60	79	0.185000
129	42	0.185000
98	108	0.550000
26	58	0.600000
123	158	0.245000
20	167	0.550000
134	160	0.550000
489	76	0.185000
467	213	0.280000
454	97	0.280000
843	113	0.215000
367	70	0.215000
