# start_x	start_y	duration
209	123	0.215000
57	148	0.215000
429	90	0.215000
406	198	0.550000
512	140	0.215000
101	50	0.550000
350	119	0.280000
923	326	0.375000
509	161	0.125000
404	126	0.280000
250	91	0.550000
482	161	0.185000
314	96	0.325000
639	481	0.185000
807	343	0.450000
456	198	0.125000
643	238	0.215000
337	171	0.125000
75	106	0.550000
390	590	0.550000
895	397	0.215000
754	180	0.325000
651	273	0.600000
706	114	0.215000
656	226	0.550000
