# start_x	start_y	duration
187	369	0.245000
32	58	0.215000
34	108	0.245000
445	135	0.550000
834	325	0.550000
743	138	0.125000
942	276	0.215000
962	219	0.125000
628	50	0.215000
935	474	0.125000
937	296	0.125000
795	313	0.550000
932	279	0.125000
917	189	0.185000
521	325	0.185000
109	116	0.215000
68	207	0.185000
65	183	0.550000
465	200	0.550000
390	187	0.245000
520	131	0.185000
521	529	0.550000
404	342	0.125000
159	109	0.280000
