# start_x	start_y	duration
507	297	0.375000
843	143	0.185000
904	142	0.125000
206	134	0.090000
9	87	0.245000
492	100	0.185000
87	94	0.245000
114	134	0.325000
164	58	0.215000
304	132	0.185000
435	73	0.245000
185	204	0.550000
389	369	0.125000
568	368	0.125000
23	707	0.125000
440	673	0.280000
