# start_x	start_y	duration
481	322	0.325000
468	152	0.125000
201	27	0.185000
12	36	0.185000
170	164	0.185000
290	91	0.450000
495	146	0.550000
971	462	0.550000
917	384	0.215000
940	213	0.185000
415	189	0.125000
962	462	0.245000
773	149	0.185000
195	56	0.090000
556	166	0.550000
832	105	0.185000
953	484	0.125000
668	279	0.125000
646	348	0.125000
668	352	0.325000
929	575	0.215000
240	678	0.185000
