# start_x	start_y	duration
175	38	0.450000
228	53	0.550000
168	164	0.245000
171	106	0.185000
515	6	0.185000
451	91	0.550000
482	186	0.215000
251	53	0.185000
506	163	0.550000
882	119	0.325000
920	384	0.280000
654	251	0.185000
406	209	0.185000
750	354	0.550000
971	471	0.450000
826	393	0.185000
873	128	0.215000
846	149	0.280000
993	375	0.185000
501	178	0.280000
242	325	0.185000
551	183	0.550000
985	610	0.550000
979	540	0.185000
292	659	0.450000
