# start_x	start_y	duration
551	638	0.550000
803	284	0.125000
978	537	0.550000
939	293	0.245000
810	145	0.375000
470	186	0.215000
404	123	0.550000
87	99	0.185000
40	87	0.125000
845	135	0.215000
954	206	0.245000
968	300	0.125000
390	155	0.215000
359	401	0.280000
179	146	0.090000
