# start_x	start_y	duration
501	364	0.215000
354	357	0.550000
865	311	0.550000
907	131	0.550000
923	294	0.125000
860	195	0.215000
898	287	0.245000
748	148	0.245000
928	129	0.280000
956	291	0.325000
548	96	0.550000
778	183	0.550000
668	363	0.550000
62	209	0.550000
326	79	0.185000
835	152	0.550000
742	169	0.245000
887	146	0.215000
789	189	0.550000
882	377	0.280000
