# start_x	start_y	duration
370	642	0.550000
104	606	0.185000
171	106	0.125000
429	209	0.280000
184	54	0.185000
478	77	0.185000
154	99	0.185000
448	161	0.215000
657	184	0.215000
842	148	0.185000
965	416	0.215000
934	406	0.185000
959	232	0.215000
845	146	0.550000
860	125	0.245000
787	91	0.245000
603	349	0.550000
501	226	0.185000
