# start_x	start_y	duration
403	100	0.125000
218	381	0.550000
551	111	0.090000
959	151	0.125000
478	154	0.245000
318	105	0.375000
978	129	0.185000
718	181	0.185000
960	313	0.550000
792	80	0.185000
870	290	0.185000
787	193	0.325000
921	262	0.125000
946	574	0.185000
523	511	0.550000
848	222	0.125000
164	39	0.280000
564	62	0.185000
153	169	0.125000
529	184	0.550000
440	143	0.125000
446	416	0.325000
500	568	0.375000
639	421	0.125000
515	87	0.245000
435	58	0.550000
839	129	0.215000
862	250	0.125000
