# start_x	start_y	duration
462	258	0.125000
496	419	0.280000
735	149	0.280000
809	152	0.550000
893	160	0.125000
478	93	0.125000
467	441	0.125000
878	568	0.550000
482	499	0.185000
590	343	0.125000
903	123	0.090000
812	138	0.280000
825	134	0.215000
832	154	0.185000
700	493	0.215000
692	116	0.125000
740	183	0.215000
928	97	0.280000
860	149	0.215000
756	171	0.215000
767	131	0.185000
