# start_x	start_y	duration
50	48	0.550000
198	33	0.090000
300	99	0.125000
53	120	0.185000
98	167	0.325000
140	339	0.185000
156	35	0.550000
82	48	0.450000
65	203	0.125000
353	189	0.325000
360	163	0.215000
415	64	0.215000
862	395	0.550000
943	372	0.215000
992	421	0.185000
912	565	0.185000
543	413	0.125000
392	146	0.550000
531	235	0.215000
484	203	0.185000
373	207	0.185000
487	160	0.375000
