# start_x	start_y	duration
390	295	0.375000
492	344	0.125000
739	66	0.185000
698	557	0.550000
867	261	0.550000
762	192	0.185000
781	91	0.550000
787	83	0.185000
695	259	0.090000
807	462	0.550000
401	70	0.550000
364	105	0.550000
773	168	0.185000
648	190	0.215000
512	75	0.090000
520	85	0.090000
362	46	0.375000
460	218	0.215000
796	93	0.185000
842	156	0.185000
468	472	0.245000
203	539	0.090000
454	249	0.280000
665	50	0.125000
