# start_x	start_y	duration
282	64	0.215000
300	273	0.185000
521	36	0.125000
912	50	0.450000
604	87	0.125000
717	158	0.125000
709	527	0.550000
839	289	0.450000
864	113	0.090000
701	166	0.215000
476	200	0.850000
192	387	0.280000
292	733	0.280000
490	113	0.125000
476	233	0.125000
462	265	0.550000
371	624	0.215000
304	648	0.215000
362	940	0.185000
187	841	0.185000
771	563	0.450000
392	391	0.185000
762	198	0.125000
764	79	0.185000
357	117	0.090000
800	204	0.450000
