# start_x	start_y	duration
212	64	0.185000
195	68	0.325000
814	83	0.245000
859	89	0.185000
714	336	0.215000
829	24	0.125000
850	72	0.245000
792	188	0.215000
801	72	0.325000
804	612	0.215000
518	458	0.550000
234	569	0.185000
173	194	0.550000
510	423	0.280000
760	170	0.325000
756	202	0.215000
851	62	0.375000
676	125	0.550000
