# start_x	start_y	duration
471	370	0.185000
281	235	0.185000
312	97	0.325000
265	68	0.550000
248	184	0.125000
606	70	0.125000
275	52	0.325000
401	452	0.550000
751	99	0.125000
785	243	0.245000
823	375	0.245000
867	666	0.215000
