# start_x	start_y	duration
493	472	0.245000
489	587	0.245000
856	851	0.245000
742	563	0.280000
860	200	0.215000
757	158	0.185000
701	476	0.215000
571	504	0.245000
454	289	0.215000
381	407	0.245000
510	81	0.550000
434	421	0.215000
206	40	0.450000
146	516	0.325000
179	833	0.185000
393	883	0.550000
175	551	0.245000
439	314	0.375000
818	147	0.090000
521	87	0.125000
442	225	0.550000
534	54	0.550000
