# start_x	start_y	duration
482	462	0.215000
417	52	0.325000
701	152	0.280000
742	237	0.215000
785	192	0.185000
728	166	0.125000
206	79	0.550000
576	89	0.450000
707	397	0.125000
778	494	0.325000
565	121	0.550000
357	79	0.245000
621	16	0.245000
865	610	0.280000
809	843	0.245000
203	729	0.215000
364	827	0.245000
318	857	0.125000
471	877	0.125000
421	222	0.215000
803	218	0.185000
798	604	0.215000
831	350	0.600000
456	383	0.325000
382	372	0.550000
