# start_x	start_y	duration
604	32	0.600000
817	172	0.550000
357	60	0.325000
392	135	0.550000
684	178	0.245000
618	504	0.245000
214	614	0.550000
196	816	0.215000
412	930	0.185000
276	816	0.185000
525	808	0.185000
870	946	0.185000
817	231	0.215000
564	255	0.450000
701	227	0.185000
778	152	0.090000
564	85	0.125000
621	216	0.185000
489	95	0.550000
451	115	0.375000
321	105	0.600000
768	150	0.280000
807	121	0.125000
