# start_x	start_y	duration
429	494	0.245000
520	364	0.245000
278	628	0.185000
326	28	0.550000
228	152	0.185000
415	56	0.450000
559	618	0.280000
315	764	0.450000
393	914	0.325000
779	871	0.550000
723	40	0.325000
634	222	0.550000
440	103	0.185000
785	58	0.550000
690	233	0.185000
532	642	0.215000
356	863	0.550000
253	571	0.325000
617	800	0.245000
818	42	0.185000
768	50	0.280000
