# start_x	start_y	duration
421	470	0.125000
164	672	0.450000
240	772	0.245000
215	239	0.550000
245	70	0.185000
625	36	0.550000
767	220	0.185000
371	648	0.185000
290	443	0.215000
875	849	0.125000
856	822	0.325000
807	792	0.550000
739	356	0.325000
814	370	0.550000
479	54	0.550000
746	358	0.215000
839	705	0.375000
685	847	0.550000
846	121	0.125000
845	233	0.090000
868	356	0.185000
784	75	0.280000
789	107	0.550000
414	279	0.215000
485	279	0.245000
456	358	0.215000
271	555	0.375000
179	675	0.550000
