# start_x	start_y	duration
314	24	0.550000
398	42	0.280000
253	99	0.125000
365	638	0.280000
242	83	0.550000
125	83	0.185000
190	277	0.550000
420	87	0.125000
409	498	0.550000
170	802	1.250000
450	514	0.550000
393	216	0.245000
482	60	0.245000
759	182	0.215000
928	827	0.325000
831	411	0.245000
493	233	0.215000
682	72	0.245000
604	137	0.550000
725	44	0.550000
803	198	0.600000
604	107	0.245000
