# start_x	start_y	duration
581	174	0.090000
450	498	0.185000
518	107	0.245000
354	81	0.325000
271	241	0.600000
792	56	0.215000
496	172	0.325000
550	462	0.550000
618	115	0.550000
423	22	0.125000
820	271	0.550000
646	68	0.550000
765	178	0.375000
862	527	0.215000
729	143	0.215000
740	214	0.185000
481	0	0.185000
854	95	0.185000
715	85	0.550000
682	334	0.245000
804	328	0.185000
610	170	0.185000
257	279	0.185000
607	857	0.215000
835	54	0.550000
490	263	0.245000
