# start_x	start_y	duration
462	393	0.185000
450	306	0.185000
693	54	0.325000
270	48	0.125000
196	20	0.325000
221	89	0.125000
556	103	0.185000
298	56	0.550000
298	137	0.125000
554	147	0.325000
564	204	0.450000
245	664	0.550000
220	324	0.215000
196	79	0.550000
273	50	0.375000
581	62	0.280000
279	50	0.450000
445	249	0.245000
406	480	0.185000
551	89	0.215000
829	91	0.550000
795	79	0.850000
843	200	0.185000
867	293	0.450000
726	194	0.450000
662	200	0.125000
