# start_x	start_y	duration
350	150	0.280000
259	182	0.215000
162	62	0.185000
206	247	0.550000
809	934	0.090000
879	822	0.125000
562	506	0.185000
612	87	0.245000
876	703	0.550000
839	814	0.550000
717	32	0.325000
884	577	0.280000
445	85	0.215000
325	575	0.185000
281	893	0.550000
285	484	0.125000
642	352	0.325000
818	66	0.125000
545	229	0.185000
742	89	0.280000
664	344	0.245000
267	28	0.185000
