# start_x	start_y	duration
448	531	0.450000
200	786	0.450000
162	780	0.215000
362	798	0.550000
367	553	0.185000
884	707	0.245000
879	820	0.125000
532	496	0.450000
850	225	0.125000
832	348	0.185000
809	239	0.245000
615	334	0.125000
770	145	0.125000
768	34	0.325000
750	352	0.450000
654	362	0.215000
821	837	0.550000
332	849	0.125000
310	904	0.550000
640	541	0.185000
214	401	0.245000
301	634	0.215000
303	75	0.325000
767	91	0.125000
