# start_x	start_y	duration
142	131	0.215000
450	302	0.245000
301	145	0.550000
204	38	0.280000
270	10	0.125000
281	99	0.125000
159	105	0.185000
150	64	0.450000
329	478	0.215000
235	26	0.325000
134	184	0.185000
179	48	0.125000
823	214	0.550000
815	81	0.185000
610	533	0.125000
343	934	0.125000
459	612	0.245000
718	206	0.215000
592	206	0.550000
