# start_x	start_y	duration
414	391	0.185000
539	441	0.125000
471	518	0.185000
612	121	0.550000
226	20	0.185000
378	289	0.550000
520	334	0.550000
746	95	0.245000
709	229	0.375000
403	368	0.215000
148	184	0.125000
857	208	0.550000
787	22	0.245000
832	174	0.550000
828	320	0.185000
579	81	0.325000
506	488	0.550000
221	188	0.550000
296	362	0.125000
273	405	0.215000
834	202	0.125000
843	575	0.550000
198	445	0.185000
445	389	0.185000
