# start_x	start_y	duration
364	275	0.245000
496	198	0.550000
493	375	0.550000
157	222	0.245000
357	289	0.125000
825	227	0.215000
442	117	0.215000
646	135	0.600000
412	577	0.185000
817	804	0.125000
850	745	0.245000
825	831	0.185000
281	812	0.125000
843	912	0.090000
853	820	0.245000
875	754	0.185000
845	308	0.215000
814	101	0.215000
814	93	0.185000
767	66	0.185000
848	95	0.185000
770	85	0.185000
839	81	0.125000
660	310	0.450000
