# start_x	start_y	duration
557	512	0.185000
429	454	0.125000
417	383	0.245000
517	478	0.185000
290	93	0.185000
345	924	0.550000
293	54	0.125000
128	186	0.125000
253	158	0.550000
514	300	0.185000
814	139	0.550000
540	143	0.125000
771	154	0.325000
857	208	0.185000
801	79	0.185000
618	447	0.550000
609	83	0.550000
848	66	0.185000
815	413	0.125000
745	176	0.550000
459	72	0.280000
457	131	0.550000
585	206	0.185000
450	672	0.185000
246	72	0.125000
382	520	0.550000
242	44	0.325000
