# start_x	start_y	duration
607	504	0.215000
300	849	0.550000
273	934	0.215000
275	879	0.185000
818	672	0.550000
593	583	0.215000
756	470	0.125000
851	362	0.125000
804	452	0.215000
481	204	0.185000
832	261	0.550000
818	626	0.550000
437	56	0.280000
182	310	0.245000
648	431	0.215000
832	107	0.550000
535	75	0.185000
487	336	0.185000
768	70	0.245000
270	143	0.550000
225	77	0.215000
296	119	0.325000
365	484	0.185000
378	466	0.550000
810	302	0.125000
