# start_x	start_y	duration
575	95	0.550000
248	885	0.280000
314	600	0.185000
217	735	0.550000
265	429	0.245000
426	281	0.280000
226	715	0.125000
267	233	0.245000
770	182	0.550000
584	464	0.550000
465	563	0.185000
401	482	0.215000
178	85	0.125000
204	468	0.245000
482	46	0.550000
875	279	0.375000
264	895	0.215000
300	488	0.325000
739	204	0.245000
746	352	0.125000
531	289	0.375000
831	162	0.185000
812	123	0.550000
828	314	0.550000
509	330	0.215000
