# start_x	start_y	duration
492	381	0.280000
368	45	0.245000
282	494	0.125000
310	59	0.550000
490	135	0.450000
415	58	0.090000
567	790	0.215000
743	561	0.450000
357	231	0.280000
348	324	0.125000
467	478	0.185000
629	321	0.245000
448	381	0.245000
432	289	0.325000
350	70	0.185000
710	335	0.125000
615	79	0.325000
825	328	0.125000
890	434	0.550000
839	384	0.185000
800	460	0.550000
850	91	0.125000
