# start_x	start_y	duration
157	259	0.215000
417	359	0.245000
298	404	0.185000
520	757	0.245000
295	59	0.550000
618	229	0.215000
278	70	0.185000
415	54	0.450000
845	21	0.280000
501	402	0.550000
287	146	0.245000
398	199	0.215000
257	111	0.215000
131	236	0.215000
257	467	0.125000
204	453	0.185000
479	467	0.280000
337	74	0.450000
168	578	0.185000
818	629	0.125000
856	222	0.600000
809	98	0.090000
839	209	0.125000
921	58	0.090000
900	38	0.215000
460	596	0.215000
318	771	0.280000
