# start_x	start_y	duration
521	488	0.375000
209	222	0.550000
443	529	0.550000
735	179	0.550000
470	98	0.185000
556	190	0.280000
582	451	0.215000
439	404	0.550000
481	591	0.125000
856	787	0.215000
684	404	0.185000
223	651	0.215000
590	783	0.550000
590	684	0.550000
720	492	0.125000
109	504	0.280000
135	312	0.450000
370	398	0.090000
864	232	0.245000
756	423	0.550000
740	206	0.185000
784	427	0.125000
556	571	0.325000
459	531	0.375000
500	407	0.125000
437	476	0.375000
893	107	0.600000
