# start_x	start_y	duration
582	441	0.325000
581	356	0.550000
310	457	0.185000
445	44	0.450000
453	495	0.185000
273	779	0.280000
420	457	0.550000
429	421	0.550000
196	674	0.550000
426	269	0.185000
539	31	0.125000
370	382	0.125000
178	282	0.280000
123	158	0.280000
484	388	0.550000
348	416	0.090000
373	234	0.125000
431	409	0.090000
414	391	0.125000
410	478	0.125000
