# start_x	start_y	duration
423	218	0.185000
459	190	0.125000
490	361	0.215000
468	418	0.215000
292	442	0.185000
515	398	0.215000
671	192	0.185000
790	375	0.550000
831	642	0.185000
714	697	0.280000
525	735	0.245000
265	610	0.185000
871	725	0.550000
398	441	0.185000
551	405	0.215000
503	70	0.280000
731	241	0.090000
635	284	0.215000
437	455	0.550000
550	188	0.185000
354	321	0.185000
823	430	0.185000
