# start_x	start_y	duration
617	284	0.550000
909	14	0.550000
343	98	0.550000
835	77	0.215000
467	102	0.185000
418	416	0.550000
643	794	0.325000
225	449	0.125000
603	195	0.125000
443	414	0.215000
510	67	0.245000
546	453	0.550000
448	135	0.185000
725	569	0.185000
904	645	0.245000
757	386	0.125000
181	421	0.245000
473	375	0.325000
537	109	0.600000
228	225	0.185000
