# start_x	start_y	duration
487	67	0.550000
428	400	0.125000
423	684	0.125000
270	70	0.185000
568	56	0.215000
420	395	0.450000
796	428	0.245000
795	61	0.215000
790	93	0.125000
529	164	0.125000
906	127	0.185000
810	347	0.245000
540	81	0.280000
821	827	0.215000
456	520	0.185000
632	402	0.280000
428	377	0.125000
556	409	0.215000
454	77	0.185000
271	485	0.185000
234	532	0.325000
435	155	0.325000
421	432	0.185000
