# start_x	start_y	duration
370	248	0.245000
401	340	0.185000
440	797	0.125000
368	497	0.325000
842	545	0.325000
882	211	0.245000
431	393	0.125000
506	70	0.245000
829	229	0.215000
840	407	0.325000
843	215	0.185000
453	414	0.280000
489	174	0.245000
673	372	0.125000
