# start_x	start_y	duration
465	419	0.325000
553	285	0.185000
596	411	0.550000
448	344	0.245000
254	559	0.550000
423	511	0.550000
682	359	0.185000
814	416	0.185000
795	91	0.215000
503	487	0.185000
471	626	0.125000
467	70	0.550000
282	539	0.280000
543	374	0.245000
809	142	0.185000
370	389	0.125000
406	695	0.185000
634	243	0.185000
