# start_x	start_y	duration
381	411	0.325000
403	379	0.215000
439	737	0.280000
671	359	0.185000
846	681	0.245000
768	164	0.280000
378	774	0.090000
360	381	0.325000
470	697	0.215000
839	335	0.550000
862	368	0.280000
356	425	0.185000
301	139	0.125000
445	172	0.185000
739	116	0.450000
582	22	0.550000
803	208	0.550000
757	112	0.185000
835	72	0.550000
376	423	0.215000
367	674	0.185000
607	391	0.245000
