# start_x	start_y	duration
398	29	0.550000
412	257	0.185000
357	449	0.280000
320	315	0.215000
531	75	0.550000
601	49	0.375000
876	324	0.245000
667	465	0.215000
323	501	0.185000
420	204	0.125000
814	236	0.245000
490	395	0.125000
470	389	0.325000
835	684	0.550000
829	501	0.325000
548	502	0.215000
342	430	0.280000
462	377	0.215000
634	434	0.125000
429	478	0.125000
532	75	0.325000
371	395	0.280000
662	375	0.215000
