# start_x	start_y	duration
423	462	0.215000
418	407	0.215000
131	142	0.215000
373	370	0.375000
501	35	0.550000
528	236	0.125000
907	79	0.185000
834	271	0.550000
856	176	0.185000
898	21	0.450000
795	220	0.125000
837	239	0.215000
781	14	0.550000
768	35	0.280000
651	277	0.245000
789	208	0.125000
820	134	0.550000
815	54	0.245000
845	209	0.185000
870	116	0.280000
815	280	0.125000
629	442	0.125000
779	151	0.245000
