# start_x	start_y	duration
459	427	0.325000
718	132	0.185000
453	51	0.550000
737	278	0.215000
550	35	0.550000
203	554	0.550000
432	379	0.450000
571	111	0.125000
335	65	0.280000
801	329	0.325000
660	427	0.550000
875	607	0.550000
557	386	0.245000
843	91	0.245000
843	208	0.550000
387	127	0.450000
425	100	0.125000
850	127	0.325000
787	79	0.215000
895	24	0.215000
757	185	0.185000
651	536	0.550000
823	635	0.280000
423	421	0.550000
