# start_x	start_y	duration
450	495	0.125000
478	437	0.185000
346	77	0.550000
243	58	0.375000
304	72	0.185000
293	47	0.125000
434	479	0.550000
765	472	0.550000
573	67	0.550000
823	402	0.215000
814	95	0.550000
873	238	0.375000
814	728	0.185000
392	776	0.125000
340	435	0.245000
525	827	0.125000
767	54	0.185000
810	374	0.550000
873	257	0.550000
807	554	0.215000
389	176	0.185000
579	268	0.550000
537	250	0.245000
832	389	0.280000
870	744	0.550000
837	488	0.550000
