# start_x	start_y	duration
448	444	0.215000
273	278	0.125000
537	98	0.550000
793	181	0.215000
590	95	0.185000
820	82	0.185000
448	529	0.325000
465	213	0.280000
643	271	0.215000
845	598	0.600000
379	397	0.550000
462	356	0.125000
426	419	0.215000
520	467	0.185000
846	187	0.185000
789	345	0.185000
882	151	0.325000
815	312	0.550000
732	555	0.550000
801	86	0.125000
