# start_x	start_y	duration
87	755	0.185000
523	448	0.245000
548	74	0.245000
760	416	0.185000
220	345	0.185000
345	59	0.375000
95	282	0.550000
381	176	0.245000
146	307	0.550000
615	335	0.125000
564	84	0.550000
418	432	0.215000
587	529	0.215000
821	326	0.125000
754	594	0.245000
509	395	0.245000
850	569	0.550000
432	68	0.245000
554	38	0.245000
756	326	0.550000
535	70	0.125000
443	506	0.185000
609	391	0.125000
