# start_x	start_y	duration
484	404	0.280000
470	61	0.550000
393	169	0.375000
829	278	0.450000
176	204	0.550000
115	755	0.215000
446	391	0.375000
889	834	0.185000
687	787	0.245000
492	400	0.550000
187	760	0.245000
301	550	0.185000
446	162	0.550000
364	67	0.185000
210	81	0.185000
378	377	0.185000
590	419	0.280000
871	121	0.215000
501	109	0.280000
550	158	0.600000
850	58	0.280000
734	675	0.125000
725	407	0.550000
646	361	0.550000
917	393	0.280000
893	37	0.215000
