# start_x	start_y	duration
371	89	0.550000
293	33	0.185000
504	49	0.185000
840	155	0.185000
510	388	0.550000
376	10	0.185000
435	59	0.450000
792	59	0.550000
864	35	0.550000
782	250	0.550000
890	289	0.215000
840	261	0.280000
839	243	0.325000
175	204	0.215000
140	218	0.215000
245	571	0.185000
384	389	0.185000
870	363	0.245000
840	259	0.185000
