# start_x	start_y	duration
539	439	0.215000
440	409	0.185000
601	63	0.185000
559	33	0.215000
428	432	0.125000
729	442	0.125000
182	374	0.280000
367	74	0.125000
450	158	0.245000
367	352	0.245000
250	183	0.550000
284	395	0.090000
470	56	0.125000
554	315	0.090000
562	824	0.125000
828	393	0.550000
818	404	0.125000
818	727	0.185000
754	645	0.215000
854	462	0.125000
834	218	0.125000
851	626	0.550000
818	545	0.185000
