# start_x	start_y	duration
178	522	0.325000
364	53	0.550000
201	0	0.125000
546	109	0.215000
860	445	0.550000
687	641	0.185000
912	640	0.245000
540	724	0.125000
646	532	0.280000
598	231	0.125000
459	106	0.215000
510	131	0.245000
839	533	0.245000
406	139	0.245000
171	78	0.280000
110	352	0.550000
62	121	0.245000
317	88	0.450000
609	151	0.185000
267	329	0.280000
121	415	0.215000
118	423	0.325000
239	352	0.325000
