# start_x	start_y	duration
500	222	0.245000
131	99	0.215000
146	270	0.215000
495	478	0.185000
637	532	0.550000
176	279	0.125000
276	324	0.185000
201	0	0.215000
290	588	0.185000
215	618	0.125000
135	668	0.090000
234	56	0.185000
146	69	0.215000
150	595	0.215000
195	766	0.245000
129	703	0.550000
170	507	0.185000
365	671	0.215000
595	124	0.090000
731	280	0.185000
878	123	0.450000
601	261	0.325000
