# start_x	start_y	duration
443	279	0.125000
512	438	0.185000
620	553	0.550000
660	196	0.550000
662	104	0.125000
257	269	0.215000
90	73	0.245000
573	418	0.185000
423	741	0.550000
414	679	0.215000
106	360	0.550000
140	774	0.215000
214	427	0.215000
400	661	0.325000
237	21	0.280000
64	79	0.280000
250	81	0.280000
114	754	0.550000
200	560	0.185000
395	425	0.550000
609	430	0.325000
639	181	0.450000
171	285	0.550000
490	598	0.185000
