# start_x	start_y	duration
396	352	0.325000
35	46	0.125000
248	73	0.375000
298	31	0.125000
360	147	0.245000
106	58	0.185000
264	41	0.550000
439	435	0.125000
348	716	0.185000
657	533	0.280000
670	718	0.550000
292	48	0.215000
342	28	0.185000
618	438	0.185000
614	472	0.215000
496	728	0.550000
326	778	0.550000
232	196	0.600000
314	53	0.125000
176	74	0.185000
314	43	0.215000
528	561	0.125000
925	96	0.185000
