# start_x	start_y	duration
112	71	0.215000
407	197	0.280000
329	34	0.325000
373	674	0.090000
590	679	0.215000
573	523	0.185000
825	109	0.375000
598	136	0.125000
468	83	0.185000
389	189	0.185000
162	289	0.550000
560	355	0.185000
714	598	0.550000
223	768	0.280000
118	428	0.215000
287	330	0.215000
489	179	0.280000
546	231	0.280000
389	290	0.280000
714	796	0.550000
810	776	0.185000
790	565	0.215000
650	442	0.185000
