# start_x	start_y	duration
485	359	0.280000
551	703	0.245000
821	337	0.125000
664	543	0.125000
690	635	0.185000
562	674	0.325000
118	11	0.215000
229	18	0.185000
587	312	0.215000
642	530	0.325000
504	625	0.185000
521	128	0.185000
831	279	0.215000
764	520	0.550000
703	646	0.450000
706	528	0.280000
476	713	0.125000
610	487	0.550000
473	741	0.215000
115	435	0.215000
87	206	0.325000
450	628	0.600000
339	269	0.090000
417	259	0.550000
