# start_x	start_y	duration
278	330	0.185000
509	360	0.185000
689	169	0.215000
442	76	0.245000
287	79	0.125000
453	468	0.550000
387	202	0.215000
239	19	0.185000
509	114	0.550000
603	139	0.125000
575	159	0.090000
575	302	0.325000
734	262	0.550000
346	43	0.090000
95	515	0.185000
317	696	0.550000
284	325	0.375000
153	199	0.185000
187	322	0.125000
414	272	0.215000
