# start_x	start_y	duration
179	96	0.550000
464	415	0.125000
704	467	0.215000
684	432	0.185000
182	532	0.245000
168	729	0.600000
92	407	0.550000
459	192	0.125000
170	48	0.280000
348	146	0.090000
540	335	0.185000
139	241	0.125000
520	360	0.185000
600	458	0.215000
773	126	0.325000
520	270	0.125000
706	101	0.550000
739	259	0.245000
668	103	0.215000
421	246	0.325000
465	134	0.450000
650	708	0.125000
500	438	0.215000
551	375	0.245000
896	149	0.375000
