# start_x	start_y	duration
526	362	0.245000
539	435	0.185000
596	166	0.280000
503	538	0.600000
689	187	0.280000
487	656	0.550000
260	264	0.125000
225	497	0.245000
145	364	0.245000
587	420	0.325000
153	679	0.215000
110	202	0.125000
154	179	0.125000
226	237	0.185000
476	109	0.550000
653	655	0.280000
567	425	0.185000
737	551	0.185000
675	575	0.185000
