# start_x	start_y	duration
517	394	0.185000
320	56	0.550000
623	93	0.125000
670	137	0.450000
418	442	0.215000
143	28	0.245000
200	262	0.125000
110	133	0.245000
348	106	0.325000
189	349	0.125000
53	63	0.185000
214	59	0.550000
650	453	0.245000
284	402	0.125000
179	688	0.125000
543	721	0.280000
142	739	0.245000
473	415	0.185000
198	513	0.550000
607	128	0.185000
95	199	0.185000
157	113	0.450000
321	226	0.245000
235	387	0.280000
526	284	0.550000
750	171	0.125000
453	202	0.245000
