# start_x	start_y	duration
712	289	0.550000
212	532	0.215000
362	146	0.125000
195	43	0.550000
82	99	0.185000
307	49	0.185000
650	320	0.325000
725	312	0.125000
923	623	0.450000
576	768	0.280000
196	709	0.550000
170	641	0.325000
654	447	0.325000
667	701	0.125000
487	660	0.125000
595	407	0.215000
564	103	0.325000
750	408	0.185000
239	482	0.550000
665	578	0.245000
710	483	0.280000
901	152	0.185000
