# start_x	start_y	duration
301	81	0.125000
148	131	0.375000
198	39	0.125000
325	69	0.280000
784	266	0.245000
454	151	0.125000
795	518	0.375000
798	723	0.325000
609	503	0.280000
695	591	0.550000
265	498	0.245000
34	673	0.215000
728	756	0.185000
595	280	0.215000
117	548	0.550000
481	723	0.550000
400	636	0.245000
