# start_x	start_y	duration
257	360	0.550000
415	34	0.125000
623	121	0.185000
768	74	0.185000
364	274	0.550000
43	71	0.280000
687	156	0.550000
253	28	0.125000
531	397	0.850000
637	540	0.245000
87	450	0.185000
278	679	0.185000
65	703	0.550000
409	365	0.215000
368	420	0.245000
204	773	0.215000
540	219	0.245000
628	335	0.325000
579	726	0.215000
84	377	0.280000
603	741	0.550000
