# start_x	start_y	duration
465	166	0.185000
525	364	0.090000
495	106	0.185000
912	133	0.280000
773	369	0.550000
710	133	0.245000
200	3	0.245000
309	13	0.185000
664	106	0.280000
828	427	0.280000
689	460	0.125000
509	655	0.550000
478	600	0.215000
664	134	0.550000
768	369	0.280000
562	463	0.600000
468	206	0.125000
642	635	0.325000
225	339	0.185000
118	347	0.215000
625	608	0.125000
539	182	0.185000
