# start_x	start_y	duration
64	68	0.280000
109	21	0.450000
168	48	0.185000
339	342	0.550000
598	585	0.450000
176	266	0.550000
225	71	0.125000
423	181	0.550000
509	350	0.185000
157	485	0.125000
339	91	0.125000
90	382	0.280000
109	528	0.215000
192	618	0.215000
459	503	0.215000
218	21	0.245000
745	289	0.125000
67	164	0.550000
53	319	0.185000
190	56	0.280000
629	274	0.325000
420	660	0.550000
550	379	0.325000
159	635	0.125000
467	663	0.215000
192	673	0.185000
356	54	0.325000
773	224	0.550000
