# start_x	start_y	duration
165	49	0.550000
496	448	0.215000
90	54	0.090000
315	440	0.245000
90	126	0.280000
109	46	0.375000
278	48	0.185000
328	89	0.125000
759	236	0.550000
296	157	0.550000
579	131	0.280000
900	133	0.280000
550	661	0.325000
620	724	0.125000
801	686	0.375000
740	492	0.550000
656	598	0.125000
621	364	0.450000
239	242	0.125000
568	699	0.280000
382	678	0.280000
471	571	0.550000
489	139	0.600000
