# start_x	start_y	duration
457	382	0.215000
84	89	0.215000
148	24	0.185000
156	63	0.185000
85	111	0.185000
42	51	0.325000
390	279	0.375000
493	157	0.245000
198	34	0.125000
104	362	0.215000
126	88	0.375000
321	763	0.550000
639	159	0.550000
714	355	0.185000
270	131	0.125000
200	656	0.215000
226	791	0.450000
92	548	0.185000
112	410	0.185000
