# start_x	start_y	duration
464	453	0.090000
490	201	0.185000
517	452	0.185000
576	118	0.125000
768	242	0.185000
360	147	0.550000
285	324	0.550000
540	560	0.550000
82	764	0.550000
76	257	0.215000
203	463	0.600000
160	49	0.550000
470	354	0.550000
560	379	0.185000
378	693	0.245000
264	763	0.245000
496	457	0.185000
507	490	0.280000
257	159	0.280000
67	111	0.185000
668	201	0.550000
859	413	0.450000
598	390	0.600000
648	166	0.245000
