# start_x	start_y	duration
492	379	0.215000
460	269	0.450000
257	46	0.375000
243	43	0.125000
234	172	0.550000
140	312	0.185000
223	289	0.280000
57	425	0.245000
356	48	0.215000
151	247	0.125000
200	320	0.550000
228	94	0.325000
404	232	0.185000
326	231	0.550000
798	462	0.280000
582	413	0.185000
446	588	0.185000
500	448	0.215000
759	86	0.125000
200	277	0.550000
