# start_x	start_y	duration
290	211	0.280000
92	39	0.245000
196	54	0.090000
201	64	0.550000
270	39	0.215000
350	169	0.245000
510	324	0.550000
579	759	0.550000
575	648	0.550000
296	379	0.550000
692	96	0.245000
371	244	0.185000
453	412	0.185000
643	433	0.125000
648	691	0.280000
525	380	0.185000
609	365	0.185000
426	643	0.215000
614	507	0.550000
848	280	0.550000
665	192	0.450000
568	580	0.185000
